T,AX,AY,AZ,GX,GY,GZ
46,3176,4296,-11700,187,-421,35
73,3312,5092,-11420,-77,-738,892
100,3736,6292,-10788,172,-1574,2313
127,4268,7008,-10076,1690,-2371,3592
154,3304,6616,-9656,1824,-3399,5883
181,3016,6516,-9740,1761,-4012,8560
208,3356,6436,-10212,2545,-5289,10460
235,3444,6128,-10932,3930,-6708,10776
262,2004,3396,-11412,3972,-7967,11761
289,1272,920,-12684,1123,-8153,13406
316,136,1440,-13076,-2838,-7771,14656
343,-204,5244,-13512,-816,-7909,12545
370,-736,4460,-12204,3949,-9176,9864
397,-1240,1516,-11100,4692,-9449,9709
424,-1168,-808,-10032,1256,-9175,11794
451,-1196,992,-10148,-1328,-9438,12661
478,-1560,2620,-9536,96,-10503,11108
505,-2208,2352,-9452,1615,-11668,9935
532,-4316,1636,-10084,2714,-12068,9105
559,-5500,-80,-10752,2388,-11664,8267
586,-5824,-196,-11684,194,-10956,8588
613,-6176,1800,-12152,-868,-9771,8620
640,-6816,2620,-12652,1328,-9692,6632
667,-7684,1040,-12712,1824,-9530,5388
694,-7828,20,-11988,95,-8697,5515
721,-7880,-176,-11504,-2585,-7423,5134
748,-7820,1688,-11760,-2586,-7456,3743
775,-15896,4244,-16840,-906,-2633,1521
802,-14748,3572,-16572,1661,1255,227
829,-5784,820,-11432,2807,-641,-1635
856,-8816,-328,-11484,1691,990,-2320
883,-10212,-772,-11440,-1278,2838,-2033
910,-10352,392,-12244,-1465,4392,-3815
937,-10184,516,-13016,-720,5654,-5728
964,-10244,432,-13052,135,7420,-7812
991,-9460,-288,-12900,-836,9980,-8781
1018,-7872,-148,-12332,-2226,11214,-9243
1045,-6732,1152,-12324,-2822,12066,-10117
1072,-6052,1196,-12028,-2369,12324,-11225
1099,-4684,1208,-11544,-3751,12933,-10782
1126,-3864,2068,-11324,-4951,13181,-9726
1153,-3292,2772,-11312,-4558,13608,-9933
1180,-1900,2332,-10912,-3987,13033,-10502
1207,-1568,2364,-10512,-4133,12103,-10661
1234,-888,2704,-10500,-4883,12169,-9911
1261,124,3984,-10672,-4784,11794,-9808
1288,852,4344,-10472,-3764,10982,-10444
1315,1520,4872,-10404,-3384,10109,-9884
1342,2044,5356,-10088,-3136,9924,-8758
1369,3280,5804,-9996,-2501,8583,-8003
1396,3896,6212,-10012,-583,6873,-8300
1423,3816,5272,-10004,683,5190,-8083
1450,3784,4480,-10140,-149,4127,-6818
1477,3524,4780,-10484,-1240,3168,-5502
1504,3432,5784,-10980,-1151,2941,-4691
1531,3732,6044,-11296,261,2058,-4489
1558,4388,5296,-11232,300,1690,-3364
1585,4104,5152,-10284,-1260,-141,-1233
1612,3768,5936,-10700,-1172,-670,-580
1639,3224,5644,-11476,406,-1291,-864
1666,2712,4176,-11896,544,-961,-430
1693,2112,3736,-12192,-31,-630,-96
1720,2312,3876,-12296,163,-284,-176
1747,2712,4364,-12060,217,0,-163
1774,3052,4300,-11756,319,-17,-212
1801,2980,4620,-11900,76,-31,88
1828,2792,4696,-11936,493,-246,140
1855,2568,4292,-12204,346,-8,411
1882,3048,3916,-12172,475,65,426
1909,2952,3376,-11948,535,-159,205
1936,2912,3356,-12204,526,-477,-185
1963,2484,2608,-12276,104,-558,-432
1990,2532,3040,-12424,-428,-320,-746
2017,2600,3864,-12364,-399,-165,-768
2044,2584,3884,-11884,-450,-245,-384
2071,2584,3820,-11760,-403,-297,-273
2098,2464,4100,-11788,-233,-77,-315
2125,2480,4108,-11748,-32,-270,-286
2152,2596,4168,-11852,-73,-344,-26
2179,2788,4892,-11788,-423,-340,950
2206,3012,6544,-11756,-584,-285,2455
2233,3912,7536,-11284,626,-1048,3971
2260,3624,7264,-10268,1651,-680,6545
2287,4476,8380,-9712,1704,-3488,9957
2314,3840,7548,-10180,1546,-4495,13069
2341,3576,5960,-10424,1703,-5738,15113
2368,1936,4408,-11160,769,-6623,16235
2395,904,3592,-12128,878,-6716,16598
2422,-744,1224,-12456,-200,-6172,16769
2449,-1356,1016,-12620,-564,-5213,15527
2476,-2276,4,-13016,-378,-4057,13723
2503,-1788,-304,-12648,-1074,-2753,11792
2530,-1392,-312,-13148,-1548,-2469,10479
2557,-1012,4,-12296,-1434,-1250,8074
2584,-128,1676,-12680,518,-1937,4908
2611,1052,1600,-11708,1903,-2664,3037
2638,1988,1256,-10592,792,-3703,3187
2665,2980,2236,-10160,-1095,-4804,4227
2692,4128,3404,-9668,-1721,-6831,4835
2719,4072,4088,-9308,-1519,-10753,5221
2746,1004,4400,-10244,-1648,-12542,5988
2773,-380,3860,-10828,-977,-12890,6067
2800,-1988,2860,-11248,111,-13969,5145
2827,-4448,2480,-12196,532,-14119,4125
2854,-6252,1648,-12452,630,-13209,3255
2881,-6996,2080,-12260,780,-11688,2504
2908,-7544,1032,-12500,632,-10513,1820
2935,-8048,620,-12296,-1482,-9092,2501
2962,-8520,1756,-12548,-2707,-6950,2344
2989,-8248,2936,-12452,-1078,-5425,738
3016,-12668,5412,-17208,1030,-1304,-419
3043,-9040,3196,-13908,2893,2258,-725
3070,-4940,1620,-11544,2093,1067,-541
3097,-5232,1376,-11040,116,962,-236
3124,-7164,2012,-12036,-793,626,-300
3151,-8588,672,-12052,-1127,912,-1195
3178,-9468,-464,-12208,1207,2044,-6206
3205,-10528,-1396,-13924,712,5013,-8284
3232,-9340,-444,-13508,-1251,7995,-8869
3259,-7544,1140,-12888,-2006,9712,-9293
3286,-6288,2228,-12288,-1530,10014,-10267
3313,-5764,1480,-11852,-2284,10662,-10240
3340,-4884,2272,-11396,-3119,11166,-9988
3367,-4280,2840,-11572,-3460,11409,-9366
3394,-4128,3012,-11668,-3007,11046,-9453
3421,-3244,3136,-11556,-2725,11462,-9465
3448,-2208,3140,-11156,-2577,11252,-9251
3475,-1244,3032,-10764,-2454,10580,-9404
3502,-952,3196,-10624,-2627,10805,-9043
3529,-344,3092,-10828,-2382,10027,-8753
3556,260,3240,-10752,-2433,9473,-8381
3583,932,2968,-11076,-2612,9328,-7976
3610,1388,3728,-10788,-2489,8686,-7651
3637,2008,4336,-10808,-1895,8200,-7545
3664,2680,4220,-10896,-927,7024,-7660
3691,3016,4208,-10848,-1055,6086,-7221
3718,3336,4252,-10788,-1929,5383,-5819
3745,3696,5084,-10852,-2150,4870,-4564
3772,3580,5408,-11056,-1063,4125,-4691
3799,3224,4348,-11164,-432,2919,-4653
3826,3344,4508,-11552,-785,3333,-3731
3853,4268,5380,-10428,-966,1935,-1632
3880,4776,6176,-9700,-956,630,-20
3907,4192,6344,-10660,-613,10,886
3934,4040,5236,-11328,715,-511,993
3961,3024,3744,-12316,804,-440,1232
3988,2532,3424,-12824,825,186,1334
4015,3128,3616,-12616,1215,815,1066
4042,3220,3856,-12056,1096,1182,1085
4069,3296,3844,-11900,983,1513,1281
4096,3916,3936,-11792,721,1529,1525
4123,4616,4188,-11784,1019,1202,1419
4150,5136,4076,-10636,657,-261,2220
4177,5840,5624,-10324,106,-1133,3754
4204,6756,6612,-9736,604,-3121,5475
4231,6224,6460,-8936,886,-5162,7767
4258,5632,5576,-8436,147,-7309,10641
4285,5216,5108,-8420,-566,-9545,12575
4312,4036,4580,-9024,-955,-12044,13878
4339,2468,4376,-8976,-1873,-13930,15376
4366,1548,6340,-9204,-1213,-14884,15622
4393,496,6020,-9104,3111,-16689,13081
4420,-620,3748,-9160,5773,-19208,11305
4447,-2792,712,-9508,3322,-20789,12712
4474,-6872,-1200,-10920,-2219,-18304,15005
4501,-7668,2228,-12228,-2645,-15399,13124
4528,-6872,4184,-12896,2393,-15546,8633
4555,-9476,-180,-12524,3347,-14753,7889
4582,-11464,-2464,-12624,-2985,-10374,10664
4609,-10140,2316,-12800,-4396,-7485,9498
4636,-8668,4376,-12240,1566,-7210,3946
4663,-7960,1448,-10608,4618,-8073,871
4690,-14440,3488,-15796,6429,3399,-471
4717,-5148,-336,-8644,7528,1048,-1345
4744,-6604,-964,-10064,3891,-1141,-1505
4771,-8032,-384,-10608,682,465,-816
4798,-7256,1008,-10800,-1304,99,-408
4825,-7924,1612,-10884,-1653,781,-974
4852,-9200,1100,-11320,-2297,1103,-1616
4879,-10476,1104,-12132,-799,3182,-4490
4906,-11384,604,-13928,74,6133,-6200
4933,-9992,136,-13632,172,8462,-7922
4960,-8676,-136,-12996,279,9867,-10042
4987,-7548,-40,-12520,51,10616,-11473
5014,-7316,-184,-12464,-1182,12004,-11354
5041,-6232,140,-12288,-2908,13096,-10793
5068,-4952,480,-12120,-3753,13728,-11087
5095,-4236,1348,-11832,-4397,14403,-10801
5122,-2648,1836,-11108,-3688,14924,-11515
5149,-1588,1404,-10552,-3833,14183,-11871
5176,-596,1740,-10016,-4840,13773,-11658
5203,708,2596,-9704,-5721,12935,-11083
5230,1696,3856,-9676,-5703,11884,-10613
5257,2340,4636,-9784,-5480,11117,-9983
5284,2768,5532,-10132,-4607,9807,-9013
5311,3680,6412,-10388,-3135,8657,-8333
5338,3916,6420,-10496,-952,7313,-8340
5365,4152,5464,-10636,-110,6170,-7796
5392,4104,4924,-10648,-708,4919,-6308
5419,4336,4668,-10788,-1501,4227,-5028
5446,3744,5088,-10896,-1393,3842,-4383
5473,3932,5180,-11156,-1023,3313,-3950
5500,4400,5088,-11384,-941,2202,-3118
5527,3968,4464,-11252,-967,1944,-2440
5554,4844,4808,-10772,-1194,1203,-1386
5581,4756,5056,-10268,-2275,-185,-202
5608,4268,6064,-10816,-1553,-776,38
5635,3756,5408,-11364,-270,-1288,-362
5662,3120,4084,-11984,-183,-1570,-402
5689,2896,3896,-12356,-681,-937,8
5716,3116,4344,-12084,-861,-279,-31
5743,3884,4964,-11480,-462,-189,-141
5770,4168,5096,-11280,-183,-390,-208
5797,3972,5356,-11204,197,-635,-214
5824,3792,5664,-11348,730,-715,-36
5851,4248,5416,-11212,916,-1071,815
5878,4304,6020,-10732,498,-1395,2135
5905,4568,6540,-9952,937,-1803,3794
5932,5192,7592,-9396,1743,-4246,5791
5959,5236,7528,-9216,2454,-5860,7754
5986,4248,6168,-8796,2383,-7899,9634
6013,3788,6024,-9028,1944,-9589,11358
6040,2784,6112,-9200,1946,-11041,12644
6067,1680,6308,-9684,2842,-12548,13395
6094,1084,5880,-9784,4352,-13801,13585
6121,708,5076,-9484,6071,-15786,13215
6148,-1152,2968,-9044,5959,-17251,13817
6175,-3876,-144,-9504,2453,-17161,15730
6202,-4784,332,-10428,-1764,-16985,17028
6229,-5204,3092,-10900,-1628,-16252,15915
6256,-6640,3048,-11356,539,-16863,13723
6283,-8784,1004,-11524,441,-15872,12801
6310,-10036,1248,-12104,158,-13594,11109
6337,-11224,1744,-12380,1310,-10663,8618
6364,-11092,688,-12016,656,-8186,8091
6391,-10952,604,-11520,-1181,-6166,8130
6418,-9000,1416,-10316,-398,-6318,4971
6445,-19204,7668,-19924,6185,4999,-155
6472,-5600,-144,-9288,6256,-1974,-2392
6499,-7724,-1040,-10452,1095,65,-625
6526,-7024,1996,-10736,-2018,1529,784
6553,-6656,4204,-10976,-1130,505,75
6580,-6860,3828,-10576,-220,412,-330
6607,-7264,3068,-10488,-252,488,-270
6634,-8040,2604,-10720,-708,283,-290
6661,-10196,2236,-11908,-1386,1572,-159
6688,-11644,1620,-12516,1101,4480,-3795
6715,-11856,684,-13820,2594,7921,-6430
6742,-10376,-436,-13316,2340,9792,-8787
6769,-9296,-332,-12468,1040,11557,-10171
6796,-7700,320,-11676,-314,12621,-10943
6823,-6172,1208,-11284,-1136,13054,-11365
6850,-5240,728,-10680,-1828,12317,-11790
6877,-3824,1560,-10464,-2891,12099,-12096
6904,-2880,2388,-10512,-3684,11716,-11692
6931,-1700,3308,-10224,-4017,11642,-10662
6958,-260,4020,-9732,-4501,10719,-8996
6985,820,4988,-9292,-3757,8749,-8342
7012,1544,4824,-9276,-2219,6361,-7993
7039,1792,3864,-9404,-2546,4824,-6483
7066,1544,3728,-9712,-3348,3621,-4905
7093,1708,4712,-10524,-2289,1879,-4918
7120,1004,4588,-11272,-754,404,-4982
7147,-36,3488,-11632,-677,90,-4065
7174,144,3536,-12032,-1224,248,-3087
7201,140,3540,-12236,-277,-186,-3514
7228,-1044,2240,-13064,910,-543,-4394
7255,-2092,368,-14060,133,-324,-4687
7282,-2912,856,-14760,-1802,2090,-4830
7309,-2256,3316,-15128,-1313,4503,-6037
7336,-1352,3080,-14704,1037,5194,-7681
7363,-1524,1092,-13704,-384,6521,-7371
7390,-508,1808,-12948,-3287,8153,-5791
7417,992,3492,-12076,-3312,8714,-5434
7444,1816,4256,-11352,-2839,8474,-5662
7471,2544,4516,-10888,-1935,7353,-5658
7498,2520,4216,-10808,-2342,6420,-4509
7525,2844,4624,-10588,-2757,6059,-3231
7552,3224,4624,-10440,-2547,5431,-2871
7579,3780,4768,-10340,-1949,4196,-2886
7606,3728,4868,-10372,-1657,2767,-2163
7633,4084,4568,-9956,-2357,1685,100
7660,4292,6012,-9672,-2780,-19,1297
7687,3796,5988,-10380,-1141,-1117,1141
7714,3048,5108,-11360,302,-1042,766
7741,2712,4728,-12176,833,-1088,608
7768,2576,4360,-12172,727,-615,1009
7795,3376,4940,-11912,737,-296,1518
7822,3884,5644,-11464,1581,-453,1725
7849,3980,5452,-10708,1812,-865,2774
7876,4976,6392,-10452,1442,-2260,4582
7903,5220,6888,-10120,1438,-3731,6691
7930,4588,6396,-9808,873,-5064,9107
7957,4536,6836,-9492,775,-6749,11058
7984,3788,6932,-9412,1974,-8813,11915
8011,2700,6348,-9596,3008,-10547,12940
8038,1840,5280,-9636,3386,-11687,13904
8065,1176,4192,-9696,3271,-13290,14847
8092,-688,3156,-9868,2683,-14757,15188
8119,-2828,2220,-10532,2116,-15656,15196
8146,-4100,1808,-10808,1702,-15004,14893
8173,-4964,1108,-10824,102,-14044,14427
8200,-5140,3152,-11192,1954,-14252,11966
8227,-5692,1800,-10952,4285,-14930,9911
8254,-7132,-976,-10976,2928,-14694,9610
8281,-8756,-1996,-11356,-2759,-12830,12067
8308,-9184,1576,-12000,-4223,-10329,10627
8335,-8144,3544,-11896,355,-10478,6086
8362,-9944,632,-11268,1348,-10118,4495
8389,-10116,-1184,-10276,-1793,-7154,5233
8416,-15960,3248,-16412,843,6741,1889
8443,-5424,860,-11160,5768,2914,-2260
8470,-6808,-760,-11192,3296,-744,-2348
8497,-6252,212,-10408,-1842,1923,137
8524,-6652,3628,-11132,-3104,1267,871
8551,-6464,4444,-10676,-2086,1049,373
8578,-6068,4308,-10344,-1109,368,95
8605,-6708,3984,-10504,-569,8,114
8632,-6708,3648,-10344,-73,220,58
8659,-6652,3560,-10552,432,-218,-302
8686,-6992,2644,-10752,647,-274,-638
8713,-7340,2132,-10824,-214,-349,-590
8740,-7356,2640,-10964,-1057,175,-543
8767,-8220,3780,-11336,-1116,490,-623
8794,-7800,3364,-11788,1824,898,-3712
8821,-8576,1520,-11988,2397,1958,-4975
8848,-8148,620,-11688,199,3636,-4303
8875,-7804,1164,-11472,-1533,4592,-3953
8902,-6732,1800,-11056,-1601,4780,-4823
8929,-5296,2120,-10576,-1281,4039,-5698
8956,-6148,1376,-10564,-2368,3438,-5504
8983,-6672,1800,-10944,-2977,3615,-5399
9010,-6800,2064,-11504,-3188,4757,-5552
9037,-6592,2580,-11832,-2605,6007,-6172
9064,-6764,1856,-11844,-2600,6581,-6096
9091,-6436,2788,-12324,-2553,7347,-6223
9118,-5600,3188,-12416,-647,7848,-7990
9145,-5376,1748,-12296,-457,8033,-8807
9172,-5352,1096,-12324,-2409,8582,-7918
9199,-5368,2044,-12740,-3274,9899,-7787
9226,-4760,2512,-12788,-2099,11026,-9263
9253,-4212,1648,-13024,-1372,11468,-10840
9280,-3348,1444,-12244,-2423,12498,-10765
9307,-2128,2380,-11344,-4141,13145,-9563
9334,-716,3820,-10784,-4957,13236,-8325
9361,1008,4584,-10396,-4453,12563,-8068
9388,1320,4552,-10456,-4673,11540,-7086
9415,1616,5304,-10192,-4192,10868,-6953
9442,3188,5932,-10408,-2225,9713,-7331
9469,3348,5228,-10072,-1260,8521,-6877
9496,3272,4572,-9832,-1660,7647,-5980
9523,3764,5008,-9860,-1790,6475,-5104
9550,4100,5444,-9888,-2046,5261,-4023
9577,3972,6572,-10352,-1278,5410,-3264
9604,4656,6004,-10308,400,3353,-3350
9631,5136,4712,-10024,-636,656,-1284
9658,4156,5072,-10172,-2672,637,968
9685,4240,7292,-11048,-1528,593,1007
9712,4344,6732,-11160,1685,-463,-87
9739,4316,5196,-10872,1685,-761,637
9766,4968,5832,-10660,727,-1413,2609
9793,5856,7184,-9900,713,-3091,4529
9820,6608,8036,-8832,1649,-5895,6256
9847,5692,7084,-8356,2127,-8101,8303
9874,4592,5868,-8600,958,-10039,10729
9901,3108,5476,-9176,-90,-11319,12442
9928,1808,5768,-9740,497,-12628,12578
9955,724,5872,-10460,2071,-13491,12145
9982,-228,4804,-10636,3810,-13710,11766
10009,-872,3040,-10576,3996,-14090,11971
10036,-1296,2280,-10328,2474,-14852,12848
10063,-2736,2416,-10428,2012,-15044,12822
10090,-4912,1468,-11368,1718,-14749,11668
10117,-5600,1768,-11996,2446,-14390,9909
10144,-6328,1076,-11924,2749,-13140,8491
10171,-6984,-572,-11600,743,-12008,8816
10198,-7184,1036,-11948,-1472,-11267,8873
10225,-7268,3068,-12056,-173,-9892,6549
10252,-7952,2476,-11912,2207,-9390,4118
10279,-9376,276,-11948,1013,-8114,4141
10306,-9652,480,-12128,-1826,-6260,4724
10333,-8944,2536,-11976,-1773,-5079,3197
10360,-8252,2856,-11432,1256,-4598,-202
10387,-10336,2512,-13052,2025,-467,-1684
10414,-10148,2332,-13064,-254,727,-12
10441,-7448,2324,-11328,-1054,730,-210
10468,-9632,2496,-11848,-1510,1328,-860
10495,-9784,2052,-11588,-499,2507,-3000
10522,-11456,304,-12460,-973,4302,-4336
10549,-11304,988,-13012,-1266,7112,-5713
10576,-9788,2080,-13052,22,8802,-8270
10603,-9332,1176,-12756,1484,10041,-10676
10630,-8496,-140,-12156,25,11774,-11117
10657,-7764,608,-11704,-1968,12945,-10751
10684,-6628,1120,-11584,-2598,13901,-11557
10711,-5108,1252,-11184,-3112,13750,-12004
10738,-4640,1468,-10976,-5131,14910,-10978
10765,-3068,3060,-10692,-5715,15020,-10302
10792,-1980,3632,-10440,-5101,14261,-10355
10819,-1152,3544,-9976,-4791,13534,-9979
10846,216,4076,-9980,-5110,13849,-9194
10873,1052,4872,-9908,-5269,12215,-8232
10900,1556,5244,-10052,-5129,11188,-7170
10927,2612,5712,-10048,-4512,10518,-6431
10954,3044,6268,-10136,-3205,9491,-6404
10981,3752,6220,-10064,-1430,7943,-6459
11008,3628,5148,-10056,-1375,6494,-5638
11035,3752,5196,-10148,-1998,5755,-4350
11062,3888,5916,-10360,-2231,4945,-3634
11089,3932,6376,-10452,-941,3484,-3873
11116,4332,5936,-10856,53,3487,-3287
11143,4992,5660,-8968,-2245,1219,54
11170,5064,7480,-9316,-2832,-416,1361
11197,3828,7500,-11040,-233,-1207,497
11224,3504,5548,-11580,1278,-1297,28
11251,2820,4200,-12124,683,-693,502
11278,3084,4156,-12152,230,-15,547
11305,3748,4680,-12036,527,291,-140
11332,3592,4652,-11624,623,394,-493
11359,3612,4752,-11456,25,362,-201
11386,3908,5408,-11668,227,313,-142
11413,3452,4772,-11652,193,171,-131
11440,3608,4416,-11952,191,386,-247
11467,3872,4780,-12028,-151,238,-164
11494,3792,5540,-11796,-244,6,188
11521,3452,6596,-11188,-148,316,808
11548,4740,7468,-10244,858,-268,1540
11575,4536,7008,-9312,508,-1764,3635
11602,6012,7944,-8324,983,-4597,5896
11629,6216,7956,-7752,1583,-7391,8554
11656,5348,7248,-7504,994,-10060,11359
11683,4160,7340,-7676,521,-12267,13669
11710,3256,7220,-8020,1357,-14753,14716
11737,2068,6540,-8404,2084,-17215,15070
11764,180,6440,-9084,3206,-18090,14566
11791,-1408,5900,-9616,5651,-19677,13144
11818,-3868,2148,-10240,5394,-20323,13018
11845,-6928,700,-10980,3802,-18092,13184
11872,-8052,-444,-11868,1196,-16614,12897
11899,-8684,-788,-11732,-705,-15466,12066
11926,-8892,260,-11780,-3058,-13180,11565
11953,-9080,2024,-12056,-2622,-10737,9270
11980,-8476,4056,-12324,1804,-11124,4639
12007,-9036,1184,-11460,3112,-10351,3198
12034,-9764,448,-10756,-414,-8541,4985
12061,-9580,1032,-10116,-3878,-7023,5987
12088,-11540,4504,-14732,-710,2911,3136
12115,-5540,896,-10556,4682,1642,-1188
12142,-7076,-16,-10120,910,-1026,-790
12169,-6820,1916,-10144,-3562,1627,1361
12196,-6760,4968,-10360,-5023,1547,2080
12223,-6348,6072,-9884,-3062,1224,1075
12250,-6084,6108,-9764,-833,233,-59
12277,-7232,4664,-9936,-513,-40,70
12304,-8008,3656,-10492,-1269,-409,73
12331,-9152,4324,-11388,-1155,12,-1029
12358,-13480,4508,-13440,3871,5242,-6220
12385,-13524,64,-13096,5585,5276,-9426
12412,-12020,-488,-13348,1467,10182,-8646
12439,-9844,2056,-13064,-476,13111,-8958
12466,-7588,3500,-11980,41,14059,-10517
12493,-5828,2968,-10864,-218,14010,-10824
12520,-5380,1972,-10356,-1672,14066,-10253
12547,-3812,2672,-10536,-3442,13805,-9424
12574,-2500,3412,-10132,-4499,12964,-8298
12601,-1736,4264,-10316,-4503,12798,-7624
12628,-948,4952,-10324,-3514,12250,-7750
12655,-780,3880,-10372,-2764,11212,-7529
12682,-668,3832,-10652,-2825,10819,-7505
12709,-452,3796,-11228,-2548,10828,-7894
12736,-80,3664,-11600,-2898,11134,-7578
12763,620,4152,-11396,-2992,12035,-7324
12790,1964,5424,-11304,-1270,10962,-8374
12817,2000,4856,-10844,742,9810,-9754
12844,3008,4192,-10328,290,9598,-9697
12871,4148,5276,-9724,-1124,8901,-8407
12898,5224,6456,-9476,-2155,7608,-6555
12925,5576,6872,-9232,-2119,5540,-5220
12952,5272,6952,-9552,-1509,4037,-4435
12979,5996,7620,-9896,-704,2910,-3342
13006,4936,6400,-9172,-1036,-236,-1147
13033,4504,7484,-9608,-1250,-1043,314
13060,3772,7484,-10692,897,-1503,42
13087,3176,5392,-10788,1918,-1931,136
13114,3796,5072,-10804,1365,-1717,1172
13141,5196,5140,-9536,23,-3250,3187
13168,5684,6720,-9316,-345,-3423,4810
13195,6240,8304,-8996,629,-5536,5884
13222,5216,8356,-8832,1856,-7698,7307
13249,3988,7068,-9016,1731,-9238,9187
13276,3048,6020,-9380,625,-10819,11289
13303,1672,4752,-9912,-1518,-11282,13186
13330,492,5724,-11024,-2137,-12134,13399
13357,-1072,6044,-12168,1059,-13151,10970
13384,-2140,4084,-13156,4432,-12850,7890
13411,-4536,600,-13204,4542,-11580,6812
13438,-5000,-1060,-13336,1045,-8801,7494
13465,-4328,1040,-13928,-1066,-5762,6932
13492,-3196,3460,-13920,1854,-4794,3559
13519,-3240,2208,-13732,4861,-4864,945
13546,-3604,308,-13992,3462,-3202,1186
13573,-3816,392,-13888,760,-1473,1993
13600,-3788,1672,-13960,475,-494,1228
13627,-3392,2240,-13604,1593,56,-255
13654,-3044,1640,-12896,1839,533,-934
13681,-2784,1644,-12176,1188,985,-702
13708,-2404,2316,-11968,523,1466,-310
13735,-2192,2644,-11684,609,1455,-543
13762,-2520,2064,-11436,825,1196,-770
13789,-1936,1936,-11240,291,895,-673
13816,-1580,2288,-11504,-330,437,-332
13843,-1780,2796,-11524,-591,367,-80
13870,-1540,2816,-11800,-582,-104,18
13897,-1264,3172,-12096,114,-986,-486
13924,-1764,2496,-12444,300,-1498,-659
13951,-2560,1824,-12592,-871,-1270,91
13978,-2860,2228,-12956,-1870,-537,790
14005,-2676,3508,-13260,-1889,219,904
14032,-2452,3824,-12896,154,452,-268
14059,-2176,2644,-12500,1218,524,-802
14086,-1808,2168,-12456,531,807,-162
14113,-1948,2008,-12052,-360,902,442
14140,-1796,2380,-11892,-244,839,352
14167,-1592,2208,-11808,362,477,-106
14194,-1704,1832,-11828,439,21,-249
14221,-1816,1796,-12008,-38,-134,-112
14248,-1796,2416,-12296,-74,-225,-208
14275,-2292,2500,-12256,156,-145,-242
14302,-2748,2288,-12452,-35,302,135
14329,-1960,2584,-12372,117,484,-7
14356,-1928,2188,-12400,429,318,-161
14383,-1980,1776,-12136,23,328,-79
14410,-1616,2156,-12104,-137,191,-161
14437,-1672,2280,-12188,92,0,-395
14464,-2160,1848,-12340,-143,-109,-258
14491,-2284,2224,-12268,-440,-125,-189
14518,-2176,2612,-12172,-499,-168,-342
14545,-2324,2840,-12268,-603,-125,-122
14572,-2048,3052,-12100,-414,-198,187
14599,-2000,2784,-12128,-264,-368,400
14626,-1596,2648,-12196,-277,-507,692
14653,-2160,2316,-12400,-624,-475,941
14680,-2304,2808,-12336,-284,-35,602
14707,-2376,2512,-12240,743,-70,130
14734,-2744,1484,-11944,378,362,159
14761,-2684,1860,-12032,52,508,-44
14788,-2364,1868,-12292,110,418,-388
14815,-3312,1052,-12572,-409,745,-401
14842,-3416,1292,-13460,-327,1491,-1323
14869,-2792,1044,-13596,357,1870,-2745
14896,-4748,-1040,-13632,-1319,2861,-2614
14923,-6128,-1632,-14120,-4317,5027,-2106
14950,-6784,-840,-15140,-4919,7521,-4606
14977,-4860,1764,-15428,-1958,9767,-9493
15004,-2988,2200,-14696,679,10756,-12858
15031,-1788,1156,-13468,-1198,12819,-12024
15058,324,2452,-12368,-4212,14632,-10158
15085,2308,4812,-11112,-4786,14292,-9552
15112,3504,5180,-10052,-4171,13244,-9183
15139,4616,5596,-9536,-4121,11407,-8285
15166,5124,7188,-9072,-3565,9847,-7222
15193,5180,7176,-9284,-2257,8054,-6057
15220,5496,6648,-9236,-1455,6422,-4612
15247,5560,5392,-9088,-1354,4144,-3182
15274,5756,4960,-9328,-1624,2638,-2130
15301,5160,4480,-8956,-2647,1052,-422
15328,4644,5764,-9364,-3195,156,575
15355,4140,7228,-10220,-753,-20,-412
15382,4192,5760,-10292,1486,-653,-821
15409,5164,5564,-10448,1469,-523,170
15436,5760,5980,-10200,1891,-1486,1055
15463,7216,6516,-10208,1922,-2773,2728
15490,7536,7924,-8540,210,-5217,5327
15517,6988,8332,-7952,-902,-8006,8104
15544,6512,8956,-7856,-1604,-10092,11572
15571,6308,8840,-7720,-1815,-12163,14025
15598,4908,8908,-7752,-967,-15168,14762
15625,2764,8152,-8304,580,-17334,14580
15652,1016,6976,-8808,2869,-19036,13816
15679,-388,5488,-8732,4122,-19466,13367
15706,-3204,3524,-8896,4132,-20984,13399
15733,-5972,-24,-9696,448,-19074,14856
15760,-6976,1616,-10840,-2716,-18712,14305
15787,-7964,5392,-11784,1090,-19118,9791
15814,-10048,3016,-11680,5698,-17092,5876
15841,-11272,-396,-12176,3212,-14542,6762
15868,-11296,692,-11996,338,-11772,7227
15895,-10996,1644,-11352,822,-11044,4324
15922,-17016,4528,-16816,7279,594,-1731
15949,-10712,744,-13976,9085,3278,-2504
15976,-6292,-1964,-10396,2412,-2122,-975
16003,-7940,-16,-10812,-1935,224,-240
16030,-8664,1976,-11632,-2354,877,-1504
16057,-11252,2468,-12300,-1313,2672,-2864
16084,-12368,1668,-13296,1172,5126,-6631
16111,-12560,-768,-14040,781,8066,-7668
16138,-12084,-644,-13576,-1708,11816,-7829
16165,-9840,1296,-13136,-1846,14993,-9433
16192,-7844,1372,-12184,-628,15492,-11595
16219,-7004,76,-11624,-2152,16491,-11837
16246,-5460,164,-10728,-4533,17112,-11053
16273,-3216,1040,-10336,-6153,17003,-10330
16300,-1520,2788,-9828,-7013,17080,-10137
16327,28,4216,-9684,-5688,15110,-11188
16354,8,4376,-9232,-5215,13939,-11481
16381,1016,4848,-9316,-4477,13457,-10750
16408,1400,4764,-9284,-4416,11820,-9980
16435,1996,5432,-9192,-4669,11688,-8834
16462,3744,6960,-9196,-3830,10276,-8674
16489,4032,7012,-9204,-1751,8288,-8940
16516,4200,7192,-9420,-737,7435,-8006
16543,5148,7292,-9356,-160,5321,-6793
16570,4412,6616,-9752,-959,3785,-4919
16597,4200,6788,-10284,-1333,4231,-3337
16624,4640,7184,-10576,-203,3172,-2747
16651,3892,5572,-10800,-202,2007,-2156
16678,4148,5116,-10216,-1377,1125,-277
16705,4612,6248,-9924,-1788,409,603
16732,4284,7136,-10676,-310,-359,-291
16759,3644,6364,-11084,1470,-663,-788
16786,3716,5636,-11576,1120,23,-22
16813,4356,6004,-11220,1055,202,593
16840,4756,7352,-10592,2180,43,694
16867,5808,7496,-9804,3315,-1060,1759
16894,5900,7300,-8564,2381,-3437,5067
16921,6836,7988,-7904,1256,-6114,8760
16948,6524,7660,-7592,-270,-8708,12194
16975,6076,7296,-7400,-1545,-11724,15376
17002,4344,7308,-7968,-2141,-13526,17400
17029,2724,6328,-8540,-2378,-15488,18365
17056,1720,6640,-8904,-2280,-17279,17982
17083,548,6972,-8764,362,-19249,16162
17110,-2048,3480,-8984,1587,-20886,15061
17137,-4856,2672,-9608,-109,-19942,14139
17164,-5344,3660,-10644,492,-19971,12198
17191,-7748,2596,-10932,1192,-19900,10540
17218,-10684,544,-11436,-679,-16955,10279
17245,-11136,2392,-12568,-1905,-13406,8755
17272,-10380,4672,-12408,2553,-12320,4019
17299,-10740,1232,-11796,3871,-10917,1911
17326,-10440,-204,-11256,-131,-8667,2940
17353,-18804,6376,-18956,-293,1958,1897
17380,-11520,6052,-16536,4022,5246,-817
17407,-5448,2196,-11540,4059,-1191,-2447
17434,-7060,1984,-10784,1324,452,-1633
17461,-7216,3140,-11028,-1044,904,-680
17488,-9172,3868,-11340,-1606,621,-622
17515,-9832,2924,-11932,1383,3048,-4293
17542,-12044,464,-13020,1540,5041,-6051
17569,-10896,816,-13120,-707,9281,-6299
17596,-9188,1884,-12824,-1031,11028,-7773
17623,-8404,2372,-11964,-611,12026,-9391
17650,-6708,2256,-11612,-417,11961,-10852
17677,-6156,1424,-11312,-1412,12026,-11083
17704,-5800,2280,-11216,-3409,13100,-10589
17731,-4112,3668,-11216,-3531,13441,-10732
17758,-3164,3816,-11048,-3376,14009,-10869
17785,-1756,3764,-10780,-3311,14070,-10805
17812,-1252,3768,-10512,-3493,13651,-10767
17839,-248,4052,-10348,-3129,13768,-10659
17866,456,4304,-10096,-3003,12924,-10657
17893,516,4636,-10336,-2903,12330,-10247
17920,2072,6060,-10116,-2318,12229,-9850
17947,3208,7064,-9700,-626,10983,-9739
17974,4096,6540,-9348,967,9464,-9626
18001,5164,5876,-8800,1813,6819,-9817
18028,5188,5388,-9212,1330,4361,-9145
18055,4676,5028,-9896,711,3194,-7668
18082,3412,5472,-10940,-162,2859,-6095
18109,3388,5888,-11800,365,2936,-5042
18136,3812,5684,-12204,1642,2572,-4202
18163,3948,4760,-10896,254,751,-1406
18190,3796,5272,-10000,-2676,329,1275
18217,3744,6616,-10676,-2078,-167,1673
18244,3468,6632,-11220,120,-530,1322
18271,3300,6284,-11276,2257,-1218,1241
18298,3532,5052,-9280,1480,-2772,3702
18325,5696,7392,-9188,298,-4300,6414
18352,5932,8700,-8768,1440,-6135,8462
18379,4848,8036,-9040,2184,-8349,10549
18406,3652,6500,-9128,2136,-9867,12812
18433,2124,4512,-9520,273,-11128,15166
18460,1300,4728,-9960,-1736,-11467,17278
18487,556,5792,-10080,-1201,-13270,17170
18514,-244,4996,-10276,1533,-15214,15477
18541,-1432,2796,-10744,3544,-16574,13483
18568,-2760,816,-10936,1994,-16876,13415
18595,-5004,468,-11964,-1475,-15965,14252
18622,-5460,3640,-12332,-79,-14705,11827
18649,-6228,2372,-11612,2659,-14753,9328
18676,-7768,-380,-11088,1260,-13544,8956
18703,-10240,-176,-11396,-2340,-10720,9196
18730,-10276,3008,-12484,113,-8227,5403
18757,-10652,2148,-12580,3358,-6781,1694
18784,-10900,376,-12800,2824,-4047,898
18811,-9208,836,-13088,1168,-1453,333
18838,-7160,1816,-13048,1081,-277,-1328
18865,-6756,2088,-12552,1239,418,-2403
18892,-6744,1332,-12392,237,1311,-2282
18919,-6516,1540,-12060,-1380,2148,-1931
18946,-6488,2156,-11600,-2172,3433,-2159
18973,-5264,2524,-11240,-1298,3612,-3384
19000,-4416,2400,-11204,-1163,3013,-3596
19027,-4436,3384,-11604,-2259,2540,-2318
19054,-4792,5396,-11920,-1556,2439,-1380
19081,-5332,6148,-12112,865,2416,-1361
19108,-6924,4616,-11752,2799,2606,-1777
19135,-7796,3044,-11364,2943,3185,-1876
19162,-8344,1848,-11336,2179,3410,-1864
19189,-8840,788,-11656,1227,4585,-2633
19216,-8688,-804,-11808,-703,6254,-3415
19243,-7372,-388,-11940,-742,6407,-5724
19270,-7200,-1092,-12528,-1623,6683,-7012
19297,-7388,-940,-12420,-3954,9444,-7472
19324,-4908,1728,-12428,-3810,11715,-9258
19351,-2852,2124,-11872,-1694,11869,-11355
19378,-1028,1040,-11444,-1926,11286,-11816
19405,-12,1740,-11080,-4079,11074,-10871
19432,268,2808,-10784,-5450,11009,-9594
19459,604,3880,-10956,-5724,10692,-8680
19486,468,5024,-11028,-4946,9485,-8959
19513,748,5936,-10364,-2956,8883,-10177
19540,2120,6308,-9872,-86,8303,-10458
19567,2924,4680,-10128,750,7068,-9707
19594,3368,4928,-10564,-72,5357,-8574
19621,3196,4912,-11052,189,3676,-8118
19648,2404,4080,-11776,-794,3245,-7190
19675,2460,5328,-12156,-1893,3681,-6113
19702,4656,7020,-12252,-510,3053,-4794
19729,3996,6080,-10396,-779,1403,-1448
19756,4100,6540,-10180,-2428,1291,1092
19783,4088,6348,-11288,506,-916,-115
19810,2088,2372,-12280,1412,-1828,-823
19837,1288,1608,-13156,244,-641,-738
19864,2016,3728,-12312,-474,-192,-309
19891,3256,6344,-11012,41,-264,795
19918,6220,8512,-9456,-232,-3533,4353
19945,6160,10248,-8472,783,-5274,7852
19972,5440,9696,-7924,997,-8720,11729
19999,4508,8544,-7772,136,-12254,15677
20026,2760,7296,-7688,-1399,-15099,19235
20053,1380,6844,-7956,-3316,-16898,21785
20080,-572,7992,-8648,-3028,-18005,21513
20107,-2232,7412,-8516,22,-20168,19840
20134,-6736,3380,-9436,125,-19822,19551
20161,-9864,3772,-10824,256,-16787,16882
20188,-10004,3744,-11632,6147,-17180,10700
20215,-11280,-1740,-11248,4646,-16836,9120
20242,-10508,-620,-11060,-795,-11959,10167
20269,-10644,3852,-11356,-675,-10059,7627
20296,-9652,4108,-11216,4101,-10267,2796
20323,-9696,1232,-10668,5026,-10064,1087
20350,-9924,992,-10436,1709,-8325,2378
20377,-9152,3860,-10668,429,-8084,1549
20404,-15072,10792,-17752,4183,7349,-1982
20431,-5272,3572,-11212,6890,-1675,-2827
20458,-9420,688,-10764,4409,-384,-2371
20485,-10540,1280,-10840,758,237,-1025
20512,-14340,436,-11860,401,1967,-3329
20539,-13296,736,-12372,99,7130,-5580
20566,-11992,208,-11976,350,8806,-8349
20593,-11312,-324,-11420,-923,10451,-9910
20620,-9744,704,-10928,-2739,12482,-10229
20647,-8236,1648,-10372,-3247,13250,-11089
20674,-7016,1492,-10516,-3235,14225,-12054
20701,-6760,996,-10624,-4447,14674,-12152
20728,-4812,1928,-10532,-5995,14937,-11055
20755,-3300,2380,-10464,-6997,15128,-10311
20782,-2804,3256,-10272,-7441,15446,-9873
20809,-1688,3620,-10264,-6884,15444,-9932
20836,-584,4372,-9976,-6724,15676,-10113
20863,156,5224,-9816,-6218,14573,-10179
20890,1292,5552,-9632,-4723,13108,-10725
20917,1788,5720,-9628,-4207,12025,-10432
20944,3368,7288,-9636,-3215,11341,-10256
20971,3480,7684,-9976,-2311,9161,-9736
20998,3836,8224,-9904,-1386,8285,-8511
21025,3976,8072,-10040,-655,7186,-6845
21052,4572,7452,-9624,-273,5538,-5852
21079,3984,6312,-9964,-120,4225,-5268
21106,6224,6524,-9884,-874,3655,-2961
21133,4912,6640,-8284,-2883,1286,79
21160,4544,8392,-9176,-1820,-197,410
21187,3904,7980,-10296,789,-620,99
21214,3632,7812,-10648,2457,-576,753
21241,4940,8416,-10088,3875,-839,2158
21268,6216,8140,-8756,3034,-2999,5892
21295,6856,9156,-7416,3108,-6470,9039
21322,6220,8372,-6676,3061,-10280,11634
21349,5616,7144,-6344,1975,-14281,14192
21376,4192,6464,-6336,-363,-17390,17240
21403,2264,6304,-7076,-1605,-19336,18995
21430,952,7128,-7732,-1990,-20431,19016
21457,-808,7736,-8108,-223,-23008,17543
21484,-4260,6072,-8920,2385,-25419,15220
21511,-8820,3200,-10000,1847,-24150,14013
21538,-11668,2280,-11252,-36,-20975,14145
21565,-13872,2508,-12832,537,-17050,11448
21592,-13620,1508,-12712,2353,-14204,7221
21619,-12072,748,-11764,1224,-11433,6199
21646,-12060,1260,-11076,-1604,-8815,6618
21673,-16328,5820,-13280,-2430,-7041,5037
21700,-16904,8708,-18792,4282,2648,518
21727,-5064,160,-10616,5095,-1111,-2190
21754,-6396,148,-9584,-219,567,-788
21781,-7616,5180,-10656,-1929,1031,-125
21808,-7636,5152,-10712,-382,593,-1153
21835,-10920,4544,-10880,-721,669,-1106
21862,-12792,3264,-11644,1010,4048,-4332
21889,-12336,2572,-12972,1746,7868,-6452
21916,-10484,2424,-12552,1281,9907,-8093
21943,-9672,2024,-12048,719,11396,-9520
21970,-7788,2432,-11772,44,12174,-10177
21997,-6260,2088,-11556,-762,11908,-10646
22024,-6420,1636,-11300,-2758,12110,-10234
22051,-5064,3332,-11176,-4496,13559,-9122
22078,-3112,4404,-11080,-3566,14278,-9497
22105,-2728,3728,-10604,-2812,13686,-10155
22132,-1976,3676,-10444,-2663,14323,-10679
22159,-836,4080,-10344,-2301,14075,-10668
22186,124,4140,-10100,-2125,13838,-10449
22213,1332,4080,-10072,-2418,12559,-10650
22240,1760,4812,-9724,-2714,11393,-10892
22267,2360,5752,-9972,-1971,11114,-10716
22294,2964,6476,-10108,-900,9987,-10651
22321,3196,6412,-10028,448,9221,-10324
22348,4176,6060,-10108,935,8297,-9665
22375,4168,6368,-10108,997,6058,-8740
22402,3584,5356,-10600,261,4873,-6852
22429,3880,6028,-10832,-298,4816,-5087
22456,3212,5296,-11292,-297,4674,-4048
22483,4040,4876,-10308,-1628,1692,-671
22510,4464,6064,-10080,-2385,397,555
22537,4108,6400,-10552,-340,-496,-87
22564,3216,5168,-11468,1393,-1480,-821
22591,2272,3288,-12380,169,-990,139
22618,2404,3764,-12724,-702,-39,595
22645,3112,4876,-12236,256,31,-122
22672,3544,4788,-11196,508,-373,20
22699,4260,6472,-10764,379,-681,997
22726,4760,8040,-10560,1163,-1477,2414
22753,3988,7532,-9124,1885,-3139,5412
22780,5532,8856,-9036,2076,-5908,8720
22807,4620,8244,-8764,1723,-7842,12186
22834,4240,7428,-8728,1239,-9516,15395
22861,3360,6524,-8800,727,-11523,17699
22888,2276,5916,-9044,758,-13816,18449
22915,1172,6240,-8932,2643,-16515,17181
22942,-472,4576,-9144,4293,-17557,16670
22969,-2420,2400,-9208,3073,-17971,17437
22996,-4392,2020,-9264,1897,-17649,17195
23023,-6180,1684,-10076,1213,-18267,15824
23050,-8336,420,-10424,1309,-17134,13606
23077,-9884,-552,-11236,1357,-15871,11128
23104,-10244,-772,-11740,377,-13942,8926
23131,-9612,160,-11756,-1160,-11612,7979
23158,-10328,284,-11564,-2324,-9809,7551
23185,-9832,1252,-11184,-3109,-8158,6240
23212,-7984,1344,-9856,-2897,-9007,4054
23239,-22144,6584,-18948,-2559,705,2751
23266,-13228,6512,-17160,3218,8707,-278
23293,-6008,2796,-11400,2502,-1622,-2168
23320,-7176,1936,-9448,-1614,1699,217
23347,-7156,4036,-10548,-4437,2211,1970
23374,-5948,5800,-10276,-3493,1201,1504
23401,-5788,6660,-10752,-1123,866,502
23428,-6024,5236,-10352,537,-110,106
23455,-6432,5036,-9976,167,395,687
23482,-6344,5520,-10424,828,-96,385
23509,-6792,4780,-10388,1732,-545,-219
23536,-6420,4360,-10436,2647,-913,-942
23563,-6868,3336,-10772,2530,-1141,-1056
23590,-7148,3368,-11812,1205,-2157,-873
23617,-8344,2448,-11652,204,-2532,-975
23644,-9180,732,-10152,-1375,-873,-977
23671,-15552,1824,-12452,-2826,3966,-1381
23698,-13040,1984,-12868,-398,6899,-6230
23725,-9904,1760,-11688,180,9496,-7587
23752,-9772,1080,-10884,-705,11601,-8248
23779,-6808,2532,-10436,-1105,11935,-9475
23806,-5820,2840,-9656,-793,10865,-10654
23833,-4144,2564,-9236,-2313,10670,-10008
23860,-2356,3292,-8592,-4520,9559,-8357
23887,-328,4972,-8312,-6078,7026,-6273
23914,-1440,5160,-8400,-6393,4524,-4489
23941,-3132,4596,-9476,-6985,3479,-3588
23968,-2672,5836,-10608,-5341,2997,-5120
23995,-2888,5832,-11120,-2896,1666,-6496
24022,-4392,4436,-11668,-2764,1324,-5419
24049,-6576,3400,-12828,-3327,3408,-5650
24076,-6096,4448,-14096,-2100,4906,-8674
24103,-5912,5168,-14792,1516,5592,-11899
24130,-7740,2628,-15200,-218,8595,-10271
24157,-5280,4628,-15120,-1819,12681,-8369
24184,-3452,5668,-13752,-436,13492,-9081
24211,-2776,3944,-12360,-91,13344,-9316
24238,-520,3588,-10780,-2466,13705,-7994
24265,1228,4936,-9768,-4483,12940,-6158
24292,2760,5868,-9096,-4900,11465,-4752
24319,3064,6644,-9140,-4051,9049,-4212
24346,3196,6720,-9020,-2772,7774,-4153
24373,2876,6172,-9548,-1460,6695,-4352
24400,3044,6572,-9656,-112,5597,-4431
24427,3008,5060,-9640,518,4264,-4431
24454,2616,4884,-10056,-401,3639,-3677
24481,2772,6044,-10544,-367,3909,-3247
24508,3432,7548,-11060,1635,2874,-3651
24535,4380,5852,-11004,2861,1772,-3048
24562,3644,4152,-10184,-497,879,265
24589,3780,5264,-10032,-3513,821,2398
24616,3596,7020,-11196,-418,-708,325
24643,1808,4644,-12112,1584,-1080,-1057
24670,1900,3948,-12232,82,109,-211
24697,2400,5212,-12080,-336,295,468
24724,2636,6180,-11508,67,353,857
24751,3384,6540,-11012,1096,-130,1009
24778,4148,6776,-10592,1432,-1002,1958
24805,6448,9036,-9860,1300,-2850,4313
24832,5884,7812,-8828,1627,-4587,6026
24859,5384,8044,-8700,1070,-6660,8923
24886,4340,7632,-8628,647,-8648,11689
24913,3232,7124,-8764,-114,-10764,14228
24940,2292,6992,-8820,-812,-12765,16197
24967,1800,7156,-8708,-1322,-14521,17243
24994,672,7364,-8832,-602,-16941,17241
25021,-440,6648,-8860,654,-18366,16806
25048,-1908,6060,-9120,1956,-20527,15839
25075,-3908,4608,-9376,3353,-20758,14305
25102,-7960,1772,-9988,1420,-20910,14545
25129,-9508,2056,-10876,-249,-17318,13420
25156,-8808,3636,-11396,1312,-15623,10303
25183,-9756,2696,-11024,2561,-14826,8294
25210,-12452,-648,-10992,-854,-12074,9771
25237,-11348,1724,-11528,-3836,-8497,8961
25264,-8908,4736,-10820,-177,-8264,3633
25291,-29160,13080,-24336,6124,6110,852
25318,-592,972,-8916,5872,-1109,-1066
25345,-7724,672,-9796,4743,-965,-2474
25372,-7792,1036,-10120,-295,501,-245
25399,-7112,4364,-10244,-2473,761,569
25426,-6660,5140,-9912,-1856,209,47
25453,-6768,5100,-9684,-1521,-8,-46
25480,-6540,5340,-9900,-1226,292,111
25507,-6148,5348,-10080,-1400,678,637
25534,-6252,5632,-10268,-728,422,673
25561,-6472,5056,-10448,125,59,293
25588,-6528,4948,-10468,385,-230,103
25615,-6676,4876,-10436,278,-271,75
25642,-7040,4656,-10336,-9,-537,116
25669,-7400,4208,-10388,-237,-450,23
25696,-8788,3712,-10712,-631,-409,-146
25723,-11112,2848,-11108,847,2089,-3174
25750,-13604,1652,-12692,526,5546,-4648
25777,-11972,2116,-13080,-83,9792,-6228
25804,-10720,2436,-12768,120,11813,-8387
25831,-9648,2748,-12340,44,13253,-10374
25858,-7860,3300,-11376,745,14638,-12506
25885,-6752,2100,-10796,-315,15522,-13194
25912,-5548,2324,-10424,-2707,15853,-12127
25939,-3400,3568,-9848,-4656,17123,-10489
25966,-1844,5220,-9552,-4234,15944,-10345
25993,-1336,5804,-9416,-2533,14673,-11147
26020,-516,4652,-9752,-1696,13563,-11390
26047,76,4608,-10128,-2345,12962,-10298
26074,696,5372,-10116,-2500,12412,-9719
26101,1424,5936,-10432,-1399,11398,-9737
26128,2224,5988,-10480,-646,10731,-9245
26155,2840,6336,-10276,682,10216,-9176
26182,3768,5792,-10036,1709,8851,-9056
26209,4076,5380,-10204,1171,7506,-7766
26236,4320,5624,-10412,912,6164,-6736
26263,4796,5772,-10348,1034,5290,-6055
26290,4944,4812,-10204,495,4404,-4982
26317,4520,4212,-10572,-1431,2833,-3117
26344,3752,4864,-11108,-1502,3068,-2709
26371,5316,5668,-10816,-237,1695,-2281
26398,4708,5264,-10372,-971,467,-845
26425,4480,6300,-10680,-1398,438,201
26452,4808,5996,-11160,184,-148,-265
26479,4100,5084,-11260,1227,-776,-478
26506,3520,4220,-11452,361,-811,359
26533,3884,5400,-11676,103,-592,1367
26560,4672,6632,-11116,977,-1095,1884
26587,4660,6480,-10304,1908,-2247,3139
26614,5984,7476,-9224,2155,-4462,5245
26641,5948,7508,-8940,1843,-6371,8142
26668,5100,6852,-8928,1235,-8085,11005
26695,4196,6500,-8988,677,-9808,13191
26722,3152,6496,-9700,1361,-11424,13873
26749,1440,4624,-10292,1260,-12736,14971
26776,1408,4312,-10368,167,-13855,16036
26803,564,4596,-9844,258,-14753,15736
26830,-620,4752,-10048,1719,-15732,14070
26857,-2508,2960,-10036,2451,-16656,13360
26884,-4052,1260,-10588,580,-17104,14173
26911,-5348,1080,-10452,-1526,-16577,14576
26938,-6380,3620,-10756,-1007,-15559,12834
26965,-7044,3668,-11080,2146,-14451,9385
26992,-7068,2376,-10580,3527,-14803,7874
27019,-11296,-1760,-10612,-379,-13565,9661
27046,-11536,268,-11448,-4881,-9933,10226
27073,-9840,3892,-11520,-2666,-8471,5815
27100,-11668,5168,-11436,1192,-10683,2119
27127,-15652,4892,-18280,5571,5149,1157
27154,-2480,32,-8720,6107,-4569,-1948
27181,-7572,-908,-9788,2176,-678,-1626
27208,-8272,2012,-10880,-1955,838,547
27235,-6140,4108,-10804,-979,154,-459
27262,-6876,3620,-10224,-581,395,-505
27289,-6904,3412,-10276,-794,486,-109
27316,-7308,3456,-10600,-467,692,-436
27343,-7588,2876,-10428,-364,830,-526
27370,-8748,2300,-10712,-969,1348,-443
27397,-9532,1860,-11136,-257,2155,-2305
27424,-10752,848,-12580,-51,4603,-4263
27451,-9200,1512,-12728,505,5764,-6695
27478,-9284,532,-12552,-86,6046,-8100
27505,-8860,496,-12164,-2367,7844,-8106
27532,-8312,1568,-11920,-3560,9439,-8183
27559,-6380,2952,-11772,-2961,10105,-9424
27586,-5752,2452,-11544,-2351,9770,-10173
27613,-5552,3084,-11188,-2870,10489,-9926
27640,-4716,2556,-10832,-3579,11009,-9325
27667,-2960,4216,-10936,-2831,10738,-9839
27694,-2400,3524,-11040,-1639,10638,-10354
27721,-2556,2808,-10968,-2246,10532,-9637
27748,-1856,3184,-11048,-3177,11351,-8493
27775,-1308,3568,-11456,-2755,10977,-8457
27802,-932,3372,-11492,-2275,11061,-8821
27829,144,3680,-11372,-1893,11663,-8913
27856,-32,3080,-11368,-2907,11629,-7935
27883,1332,4344,-11196,-3094,11677,-7673
27910,2580,4916,-10820,-1654,10945,-8407
27937,2956,4424,-10320,-1022,9017,-8333
27964,2860,5036,-10540,-434,8424,-8221
27991,3924,4720,-10616,411,7513,-8138
28018,3664,4352,-10936,-544,6521,-7234
28045,4040,4712,-10964,-989,6186,-5792
28072,4488,4536,-10692,-1118,5274,-5179
28099,5232,5332,-10668,-39,3941,-5470
28126,4292,4452,-10808,238,2818,-5358
28153,4296,4860,-11108,-763,2699,-4027
28180,4988,5468,-10128,-2490,369,-554
28207,4736,6704,-9988,-3339,-499,1317
28234,4556,7064,-10688,-512,-1368,375
28261,3484,4516,-11672,1244,-2200,-391
28288,2700,2844,-12420,-50,-1412,335
28315,2872,3808,-12748,-219,-700,218
28342,3736,5000,-12408,491,-177,-323
28369,4176,5052,-11800,295,-172,216
28396,4320,6232,-11316,-150,-87,994
28423,4820,6960,-10980,654,-517,1888
28450,7088,7468,-9220,1099,-3169,4100
28477,5444,7620,-9164,1850,-3848,6005
28504,4344,6680,-8912,2026,-5124,8005
28531,4396,6080,-9084,1900,-6583,9818
28558,3608,5220,-9116,1273,-8319,11736
28585,2944,5104,-9312,187,-10195,13751
28612,2064,5728,-9580,221,-11318,14873
28639,1964,5996,-9704,1047,-13200,15386
28666,1200,5768,-9792,2464,-15300,15153
28693,-256,4304,-9916,2679,-17244,15713
28720,-2264,3060,-10240,1332,-17624,16605
28747,-3912,2796,-10820,423,-16596,16451
28774,-4740,2892,-11208,2047,-17220,13834
28801,-6484,1648,-11316,3730,-17588,11156
28828,-7816,-1324,-11040,1839,-15857,10609
28855,-8340,-56,-11248,-1384,-13687,10988
28882,-8224,3204,-12300,-124,-12684,8769
28909,-10684,968,-12420,1839,-11295,6038
28936,-10260,464,-12120,1257,-8979,5229
28963,-9624,180,-11112,-288,-7643,5186
28990,-22200,8648,-19604,2829,51,2850
29017,-6224,-1236,-11576,6865,1952,-2453
29044,-7228,-2480,-10092,4204,-2935,-2908
29071,-8044,-1444,-10668,-2990,1584,985
29098,-7104,3000,-11076,-5357,2198,2290
29125,-6444,4656,-10416,-3612,1403,1175
29152,-6360,4592,-10300,-1590,619,-28
29179,-6688,4120,-10424,-1381,315,201
29206,-7096,3712,-10556,-1205,700,271
29233,-8048,2732,-10992,-971,21,-183
29260,-10304,1352,-11332,-1499,811,-1070
29287,-11116,644,-12364,923,3561,-5925
29314,-11760,-20,-13940,501,7426,-7320
29341,-10700,780,-13560,-144,10261,-8903
29368,-9024,1788,-12680,-16,12054,-10386
29395,-7380,1668,-11752,495,12202,-11981
29422,-6904,740,-11152,-1375,12774,-11692
29449,-5228,2348,-10592,-3007,13296,-11237
29476,-3260,2984,-10572,-3062,12488,-11483
29503,-2964,2604,-10172,-3414,11832,-11285
29530,-2032,3580,-10660,-4058,11321,-10733
29557,-1976,3124,-10952,-3486,10544,-10843
29584,-1720,3304,-11292,-4074,10448,-10264
29611,-1196,4216,-11284,-4169,10976,-9998
29638,-232,4380,-11144,-3005,10678,-10116
29665,220,4568,-10996,-2468,10477,-9849
29692,964,4372,-10960,-1628,10704,-9576
29719,2092,4364,-10616,-1109,9257,-9564
29746,2464,3980,-10364,-1661,8584,-8690
29773,3360,5344,-10424,-2083,8272,-7587
29800,3820,6748,-10548,60,7187,-7671
29827,4352,5848,-10404,1956,5929,-7566
29854,4372,4256,-10272,1226,3839,-6354
29881,3716,4032,-10416,-629,2683,-4344
29908,3120,4396,-10988,-1903,2582,-2901
29935,3652,5408,-11060,-1068,2276,-2317
29962,4096,5160,-11100,-279,591,-1418
29989,3608,5236,-10984,-591,-28,-202
30016,3576,5028,-11268,-333,-162,394
30043,3348,4424,-11736,551,-239,-185
30070,2808,3132,-12216,790,-773,-319
30097,2476,2936,-12256,214,-528,-164
30124,2820,3768,-12232,166,47,-481
30151,3240,4584,-12216,717,179,-656
30178,3440,4928,-12052,947,339,-102
30205,4416,4876,-11308,836,-508,1091
30232,4848,6060,-10532,427,-1833,3105
30259,4668,6224,-10160,1338,-3176,4455
30286,4124,5092,-9568,1716,-4347,6013
30313,3524,4804,-9920,1418,-5643,7571
30340,3088,4472,-10268,1595,-6863,8565
30367,2008,3304,-10892,1065,-7766,9516
30394,1588,3548,-11472,-89,-7745,10765
30421,1220,5068,-12092,529,-8288,10936
30448,1152,5788,-12032,2171,-9008,11127
30475,1760,5692,-11520,3440,-10125,11903
30502,1408,5308,-11136,3346,-12086,13403
30529,-16,3864,-10628,3198,-14022,14515
30556,-1256,2628,-10624,2047,-15071,15148
30583,-2800,2068,-10584,1442,-14943,15085
30610,-4456,1304,-10092,1219,-14139,14647
30637,-4988,204,-9992,-809,-13862,14952
30664,-5844,1720,-10048,-947,-14045,13464
30691,-8156,1044,-10548,1577,-14616,9701
30718,-9568,-696,-11184,1817,-13302,7559
30745,-11336,-1280,-11440,-926,-10731,8020
30772,-11380,-352,-11520,-3025,-7668,7439
30799,-8816,1844,-10380,-1973,-6991,4530
30826,-22812,12168,-20000,4055,1727,1657
30853,-12848,4604,-16952,6297,5589,-648
30880,-9116,-596,-11584,4954,-3301,-2601
30907,-11000,-2868,-10064,1991,713,-3429
30934,-11288,-1384,-10416,-714,4197,-4065
30961,-12868,-456,-12252,147,6567,-7345
30988,-9948,-100,-12076,882,8465,-9793
31015,-9144,-224,-11876,434,9377,-11322
31042,-7684,388,-11728,-196,10183,-12306
31069,-6400,640,-11680,-1554,10266,-12042
31096,-5880,876,-11920,-2610,10801,-11626
31123,-5132,1008,-12552,-3612,10492,-11435
31150,-4604,1444,-12580,-5121,10934,-10376
31177,-3536,2112,-12236,-5282,11771,-9828
31204,-3452,2256,-12140,-5321,11492,-9924
31231,-2408,2724,-11856,-4536,11393,-10723
31258,-1524,2512,-11280,-3965,11302,-10858
31285,-1136,2116,-10792,-4594,11129,-10002
31312,-448,3100,-10676,-4370,10568,-9803
31339,684,3348,-10296,-3374,9586,-10132
31366,1260,3436,-10480,-3162,9577,-9524
31393,1664,3648,-10268,-3478,8858,-8587
31420,3044,4784,-10356,-3213,7569,-7819
31447,2988,4816,-10348,-2652,6121,-6895
31474,2868,4696,-10504,-3133,5985,-5325
31501,3540,5364,-10712,-2513,5031,-4825
31528,3148,5148,-10964,-1630,3660,-4662
31555,3016,5004,-11344,-1506,3750,-3752
31582,3456,4956,-11048,-1426,2969,-2940
31609,3468,4984,-11108,-1323,1845,-2578
31636,3432,4836,-11068,-769,1469,-1695
31663,3548,5276,-10876,-1107,743,-427
31690,3652,5844,-11276,-231,-512,-201
31717,3328,4500,-11592,550,-628,-358
31744,2556,3424,-12204,117,-545,-8
31771,2516,3936,-12240,-158,-83,255
31798,2992,5128,-12172,428,331,282
31825,3548,5500,-11688,1052,72,568
31852,4116,5800,-11248,886,-482,2192
31879,4840,6752,-10772,418,-1078,4685
31906,5196,7420,-10204,1020,-2743,6819
31933,4952,7016,-9624,1130,-4647,9363
31960,4700,6716,-9188,1091,-6451,11801
31987,4120,6152,-9112,1250,-8608,13492
32014,3128,5692,-9464,1641,-10770,14516
32041,2120,5088,-9736,2281,-12445,14815
32068,620,4068,-9900,2367,-13293,15156
32095,-228,3760,-10216,2205,-13630,15652
32122,-1432,1768,-10152,1321,-14758,16284
32149,-3104,-140,-9924,-1226,-15285,16551
32176,-3472,1024,-10264,-3536,-14496,16091
32203,-4636,3020,-10796,-3110,-15201,13830
32230,-6740,3668,-11596,488,-15148,10113
32257,-7268,3040,-11972,3602,-14590,6678
32284,-8476,180,-11840,2904,-13242,6435
32311,-10312,-1204,-12084,-1785,-9491,8392
32338,-9584,2024,-12688,-3085,-7052,7411
32365,-8356,4432,-12576,931,-7102,3014
32392,-7932,2360,-11568,3863,-7578,58
32419,-7900,100,-10720,1160,-6595,1517
32446,-20196,7640,-19324,-81,3643,3439
32473,-4080,1556,-11416,2420,1569,-509
32500,-6748,1468,-11040,3254,-2167,-2776
32527,-7328,372,-10608,-984,161,-460
32554,-7384,3408,-11108,-3305,604,700
32581,-9564,4240,-11904,-1268,1081,-965
32608,-10084,2412,-11580,565,1735,-3877
32635,-11396,1180,-12356,451,4150,-5150
32662,-10028,1808,-12436,67,6854,-5780
32689,-8812,2364,-11936,980,7971,-7139
32716,-8520,1268,-11744,1801,8174,-9295
32743,-8232,220,-11508,1480,8613,-10924
32770,-7284,628,-11748,48,9533,-11223
32797,-5888,944,-12060,-896,9985,-11238
32824,-5792,1148,-12312,-1304,10170,-11601
32851,-5468,768,-12356,-1623,11537,-11922
32878,-4800,124,-12296,-3414,12755,-11242
32905,-4156,828,-11928,-4273,13888,-11045
32932,-2112,1372,-11588,-4541,14306,-11660
32959,-932,1684,-10724,-4989,14301,-12187
32986,-148,2304,-10268,-5973,14081,-11484
33013,1624,3460,-9688,-6704,13395,-10444
33040,2592,4984,-9300,-6469,12326,-9756
33067,3188,6620,-9040,-5422,10615,-9237
33094,3880,7416,-9144,-3639,8837,-8425
33121,4240,7192,-9228,-2187,6938,-7401
33148,4172,6860,-9332,-624,5146,-6574
33175,3772,5468,-10040,-409,4024,-5049
33202,5732,6512,-9668,-1071,1953,-1720
33229,5064,6548,-9488,-1654,998,-179
33256,3856,6328,-10432,-912,-379,-56
33283,3404,4752,-11464,907,-524,-755
33310,3180,4324,-11644,442,-344,11
33337,3500,5512,-11412,498,-313,955
33364,4724,6748,-10664,990,-1262,2429
33391,5992,8404,-9644,1313,-2839,4721
33418,5852,8312,-8796,2163,-5469,7256
33445,5356,7896,-8612,2720,-7557,9722
33472,4700,7304,-8788,2889,-9438,12204
33499,3156,5620,-9056,2432,-11153,14384
33526,2188,5012,-9484,1499,-12359,16034
33553,1112,4156,-9532,805,-13936,17046
33580,60,3116,-9648,158,-15308,17550
33607,-680,3068,-9816,-8,-16573,17156
33634,-2200,2980,-9840,584,-17258,15117
33661,-4056,2944,-10576,1620,-18227,12805
33688,-7596,756,-11396,1455,-18160,11742
33715,-7568,1896,-11892,1768,-15038,10087
33742,-7588,1744,-11912,3419,-13806,7364
33769,-9660,-68,-11600,3290,-13245,6503
33796,-11492,-1020,-11780,241,-10607,7081
33823,-10788,1788,-12212,-688,-7957,6073
33850,-10536,2256,-11696,1076,-6467,4082
33877,-10064,1044,-10580,725,-5760,3528
33904,-15364,4372,-16424,4258,3975,1636
33931,-4356,-736,-10016,4995,-2443,-1508
33958,-7500,-1916,-9992,1291,-1354,-1043
33985,-7644,1172,-10728,-3558,976,1427
34012,-6584,4244,-10596,-2756,336,874
34039,-6752,3924,-10348,-1135,-337,82
34066,-6912,3156,-10064,-1122,-462,298
34093,-7444,2936,-10144,-1721,-189,580
34120,-7152,2880,-10248,-2193,171,964
34147,-6720,3488,-10304,-1557,318,735
34174,-6800,3332,-10456,-809,126,380
34201,-7092,3368,-10640,-566,184,433
34228,-6864,3188,-10220,-506,475,415
34255,-7024,3328,-10008,-948,656,640
34282,-7052,4204,-10500,-657,702,506
34309,-6836,4184,-10256,625,-39,-447
34336,-7188,3672,-10536,1308,-286,-934
34363,-8520,2132,-10784,685,-172,-964
34390,-12236,1840,-11800,-1195,259,-369
34417,-12404,1796,-12084,1392,2814,-4544
34444,-12488,1332,-13336,3637,5842,-8634
34471,-10840,-804,-12872,2504,7982,-9985
34498,-10000,-664,-12416,-763,10940,-9144
34525,-8484,936,-11876,-2182,12428,-9572
34552,-6688,1632,-11344,-1765,12540,-10898
34579,-5296,1320,-10996,-1870,12223,-11156
34606,-4456,1096,-10936,-3578,12543,-10189
34633,-3316,2088,-10936,-4343,12343,-9847
34660,-2256,2668,-11148,-3821,11930,-10201
34687,-1364,2808,-11032,-4072,11710,-9849
34714,-1012,3176,-10780,-3768,11624,-9385
34741,-232,3028,-10732,-3510,11151,-9066
34768,808,3232,-10752,-2874,9905,-9689
34795,832,2856,-10676,-2817,9016,-9845
34822,1260,3308,-10448,-2982,8568,-9429
34849,1876,4084,-10608,-2738,7428,-9399
34876,2020,3712,-10832,-2874,6999,-8981
34903,2328,4128,-10748,-3028,6871,-8378
34930,2848,5004,-10944,-2413,5473,-8114
34957,2424,5040,-10912,-2028,4241,-7536
34984,2560,5052,-10992,-1739,3826,-6858
35011,2924,5304,-10904,-1357,3028,-6278
35038,2892,5796,-11176,-812,2268,-5647
35065,2956,5912,-11384,545,1747,-5358
35092,2816,5540,-11844,1048,2185,-4353
35119,3324,5032,-11008,-170,961,-1693
35146,2796,5716,-10980,-1170,128,-279
35173,2852,6004,-11532,282,-448,-332
35200,2288,4304,-12012,577,-578,-100
35227,1520,3220,-12260,-111,-323,542
35254,1504,3344,-12676,-395,45,381
35281,2164,4004,-12624,698,-14,-639
35308,2460,3908,-12044,728,322,-571
35335,2540,4284,-11804,69,537,270
35362,2516,4724,-11852,382,454,284
35389,2492,4264,-11868,786,-127,414
35416,1816,3028,-12156,325,-199,983
35443,1896,2788,-12288,109,399,634
35470,1892,3268,-12564,979,987,-501
35497,2316,2580,-12272,1340,1107,-1330
35524,2408,2504,-12152,606,710,-1209
35551,2868,3468,-12024,-222,438,-721
35578,2700,4556,-11856,-256,207,-210
35605,2972,6460,-11572,354,-110,765
35632,4160,7136,-11088,1364,-1100,2630
35659,3604,6292,-10144,524,-3161,6476
35686,4164,8476,-9848,410,-4935,10109
35713,4184,9220,-9532,1413,-6286,13153
35740,3660,8700,-9088,2807,-8247,15982
35767,2792,7040,-8796,3333,-10495,18484
35794,2264,5688,-8620,2703,-13209,20512
35821,1092,4332,-8400,2117,-15537,21678
35848,-1040,2680,-8816,1271,-17310,22212
35875,-2900,2264,-9392,643,-19169,21432
35902,-5200,2624,-9908,3788,-19239,17033
35929,-7180,-12,-10348,6469,-17914,12851
35956,-9344,-3632,-10896,2369,-15948,13711
35983,-9960,-2204,-11476,-2056,-13604,14349
36010,-9812,784,-12128,581,-13023,8493
36037,-10184,204,-12244,3924,-12464,3634
36064,-11024,-1716,-11432,1673,-9984,4200
36091,-10420,-1804,-10968,-3000,-6773,6158
36118,-8272,688,-9836,-5227,-7490,5555
36145,-16432,6748,-17104,2453,6194,885
36172,-2960,684,-9648,4601,-2955,-2075
36199,-7032,-760,-10148,1752,-381,-1401
36226,-7656,1824,-10788,-2664,1640,1485
36253,-6796,4064,-10868,-1539,587,631
36280,-6928,3376,-10292,-97,-107,-266
36307,-7204,2516,-10372,-227,-371,-242
36334,-7520,2308,-10468,-506,-484,-222
36361,-7600,1740,-10532,-1317,-271,-33
36388,-8592,1564,-10704,-1575,-464,-539
36415,-9600,708,-10344,-2228,186,-1116
36442,-11368,3504,-12092,-1366,4558,-2808
36469,-10092,1996,-11772,1631,4061,-6435
36496,-10648,136,-11560,1420,5145,-7398
36523,-9692,692,-11864,368,6901,-8252
36550,-8004,1444,-11584,1233,7774,-10300
36577,-8968,-780,-11344,223,8037,-10571
36604,-8328,-852,-11216,-2404,9386,-9603
36631,-6044,1048,-11404,-3092,9897,-9987
36658,-5660,824,-11252,-2528,9143,-11368
36685,-4876,660,-11272,-3039,8978,-11392
36712,-4684,444,-11400,-5236,9722,-9921
36739,-3484,1940,-11476,-6065,10175,-9317
36766,-3436,2392,-11836,-5366,9665,-9809
36793,-3616,2056,-12332,-5104,10196,-10242
36820,-3292,2384,-12192,-5083,11161,-10595
36847,-2324,3180,-12128,-4586,11962,-11325
36874,-1796,2896,-11516,-3875,11725,-11836
36901,-448,3488,-11148,-3634,11754,-12008
36928,468,3520,-10572,-3686,10953,-11436
36955,1268,4276,-10136,-4017,10227,-10899
36982,2712,5824,-10056,-3309,9280,-10529
37009,2596,6324,-10204,-2330,7139,-9462
37036,3140,6260,-10424,-908,6079,-8425
37063,3312,5972,-10548,-498,5110,-6606
37090,5088,6332,-10488,-1066,3687,-3775
37117,3888,5672,-9496,-2817,1739,-540
37144,4180,6652,-10028,-2482,476,492
37171,3140,5732,-11152,-70,-844,-190
37198,1928,3488,-12144,368,-922,-131
37225,1620,2880,-12580,-532,-58,340
37252,1932,4060,-12672,-75,290,-328
37279,2028,3404,-12316,339,765,-702
37306,2460,4220,-11844,-302,616,462
37333,2996,5152,-11632,-737,171,266
37360,2628,4508,-11788,-96,-36,216
37387,2780,4416,-11584,-570,-71,946
37414,3448,5160,-10856,-896,-532,1949
37441,4788,7004,-10436,-484,-1527,3427
37468,4784,7708,-9800,130,-2981,5384
37495,4888,7984,-9220,391,-4362,7948
37522,4104,7728,-8948,758,-6040,10796
37549,3732,6800,-8796,1105,-7874,12945
37576,2872,6444,-9352,1887,-9817,14011
37603,2204,5852,-9628,2534,-11451,13846
37630,1288,5160,-9632,3485,-13624,14480
37657,-352,3996,-9432,3058,-15202,15510
37684,-1604,3780,-9648,2088,-15764,15781
37711,-3244,3132,-9892,1347,-15425,15393
37738,-3872,3868,-10332,2281,-16312,14151
37765,-6752,1636,-10540,3855,-16642,12138
37792,-8532,-1656,-11072,1971,-15654,11095
37819,-8548,-844,-11744,-1409,-13283,10990
37846,-8900,1912,-12240,-1756,-10986,9525
37873,-8668,2860,-12628,1331,-10414,6035
37900,-8840,2556,-12356,3024,-9254,4021
37927,-8672,1540,-11564,3346,-8215,3491
37954,-8336,1452,-10932,2463,-7746,3446
37981,-8376,940,-10032,1941,-9010,2342
38008,-15264,3408,-15656,1376,5982,761
38035,-5096,2732,-10984,5229,2514,-2834
38062,-6652,228,-9840,4711,-171,-3837
38089,-8068,-272,-9860,-251,801,-1200
38116,-9864,1808,-11128,-2466,1632,-529
38143,-10380,1296,-11788,-867,1864,-3227
38170,-11528,4,-12820,-1298,3965,-4280
38197,-11168,716,-13272,-2026,6962,-4994
38224,-10384,1368,-12872,-1324,9172,-6581
38251,-9452,924,-12412,-79,10247,-8451
38278,-7520,452,-11572,1257,10937,-10784
38305,-6832,-424,-11276,731,10802,-11772
38332,-6516,-804,-11068,-1734,11913,-11135
38359,-5012,756,-11420,-3194,12371,-10743
38386,-4200,1352,-11512,-3344,11882,-11212
38413,-3824,1000,-11536,-3845,12088,-11440
38440,-2684,1556,-11492,-4730,12516,-10773
38467,-1196,2456,-11608,-4508,12317,-10773
38494,-788,1884,-11660,-4824,11778,-10876
38521,-304,2248,-11076,-6025,11982,-10114
38548,904,3560,-10712,-6298,12128,-9473
38575,1232,3716,-10068,-5965,11651,-9363
38602,2600,5336,-9808,-4925,10700,-9349
38629,3664,6744,-9740,-2779,9418,-9337
38656,3632,5940,-9660,-1610,7935,-8228
38683,4204,5060,-9648,-733,5931,-7174
38710,4184,4768,-9724,-1323,4355,-5690
38737,3412,4340,-10252,-1907,2911,-4320
38764,4500,7104,-11092,-2461,2829,-2505
38791,3812,6848,-10524,-2008,1051,-549
38818,3828,7068,-10816,-685,-89,-112
38845,3064,5192,-11332,772,-166,-139
38872,2812,4040,-11852,-180,242,595
38899,3104,3860,-12028,-265,497,460
38926,3192,3784,-11904,198,533,93
38953,3564,3344,-11520,-22,502,14
38980,3732,3980,-11332,-338,292,-102
39007,3436,4788,-11656,-4,-96,-307
39034,2988,3968,-11720,509,-182,-414
39061,3140,3816,-12240,158,346,-213
39088,3244,3832,-12104,451,405,-609
39115,3592,3380,-11820,477,49,-780
39142,3584,3716,-11852,-339,-90,-531
39169,3156,3992,-11852,-132,-243,-805
39196,2872,3920,-11668,-279,-44,-629
39223,3164,4632,-11640,-310,0,-95
39250,3168,4972,-11668,285,-203,218
39277,3036,4416,-11904,478,-78,533
39304,3428,4032,-11824,579,-30,674
39331,3600,4292,-11628,565,-468,968
39358,3064,4296,-11556,492,-1067,1520
39385,2768,4296,-11964,-152,-1083,2362
39412,3052,3832,-12068,-517,-1874,2723
39439,2600,3996,-11976,-740,-1991,2953
39466,2736,4440,-11760,-283,-2166,2966
39493,3164,4480,-11668,737,-2644,2613
39520,3204,3512,-11520,1110,-2921,2461
39547,2380,2448,-11556,435,-2758,2521
39574,1932,2244,-11972,-215,-1907,2572
39601,2284,2528,-12176,406,-1536,1581
39628,2216,2148,-12740,1447,-1272,152
39655,1808,1464,-13068,1108,-567,-371
39682,1928,2096,-13208,149,71,-172
39709,1956,2972,-13216,221,653,-37
39736,1992,3012,-13356,708,661,-201
39763,2252,3040,-13232,1075,497,-378
39790,2136,2376,-12892,446,62,-13
39817,1852,2948,-12656,-670,118,838
39844,1900,3536,-12120,-529,17,1045
39871,2292,3288,-11948,-10,-353,776
39898,2100,2684,-11608,-166,-830,698
39925,1496,3028,-11912,-1108,-689,1326
39952,1764,3704,-11952,-1658,-274,1922
39979,1684,4400,-12112,-1425,-24,2008
40006,2004,4444,-11948,3,-495,1251
40033,2080,2984,-11940,166,-777,1033
40060,1940,2692,-12408,-948,-230,1645
40087,2548,3316,-12236,-504,-177,1073
40114,2720,2656,-11904,302,-519,-38
40141,2892,2176,-11648,-246,-468,-386
40168,2724,2756,-11692,-261,-269,-1036
40195,3064,3208,-11972,531,-326,-1804
40222,3476,3152,-12404,870,-390,-1842
40249,2296,2656,-12724,124,-372,-732
40276,1408,3312,-13156,-306,-37,226
40303,476,3092,-13128,-166,185,1097
40330,-312,3148,-13036,-686,937,1967
40357,-12,4152,-12228,338,950,1259
40384,1688,4064,-11032,1462,338,382
40411,3920,4160,-10320,1759,-966,495
40438,4080,3312,-10316,638,-1996,2200
40465,3952,5012,-10676,-769,-2554,4615
40492,3476,5852,-10316,-928,-3861,6163
40519,3120,6968,-10080,218,-6077,7095
40546,2928,6256,-10176,1638,-8149,8253
40573,2756,4912,-10268,1721,-9630,9897
40600,2156,3956,-10700,1156,-10631,10867
40627,964,3344,-11044,1190,-11812,11075
40654,-40,3200,-11212,2065,-12663,10153
40681,-1400,2372,-11008,3029,-13118,9402
40708,-2448,908,-10544,2209,-12735,9875
40735,-4596,-440,-10476,-543,-12006,11160
40762,-5156,1968,-11216,-958,-11494,10261
40789,-5300,3276,-11452,2560,-11473,6911
40816,-6016,1264,-11308,3910,-11208,6266
40843,-7692,80,-11288,985,-10382,8438
40870,-9032,380,-11396,-1343,-8894,8818
40897,-8312,1544,-11672,-828,-8884,6401
40924,-8396,1720,-11336,32,-9141,4132
40951,-10620,1236,-10296,-2119,-10957,4379
40978,-11984,3152,-15740,1153,687,2303
41005,-5356,-3040,-9940,5483,-842,-1727
41032,-7024,-1900,-9728,1714,-1088,-2186
41059,-7604,136,-10772,-2985,614,-1
41086,-7064,3320,-10928,-3779,472,764
41113,-8644,3224,-10832,-2234,1216,-543
41140,-9472,1584,-11504,1449,1328,-5291
41167,-13092,-604,-13504,62,5356,-5471
41194,-11592,600,-13548,-1144,9032,-5994
41221,-10040,680,-13364,-33,10841,-8117
41248,-8868,-672,-12868,630,11922,-10952
41275,-6944,-736,-12420,-746,13464,-12164
41302,-5852,580,-11776,-2422,14571,-12346
41329,-4348,1292,-11232,-3377,15051,-12323
41356,-2744,2340,-10952,-3393,14852,-12919
41383,-2988,1588,-10448,-4617,14567,-12238
41410,-1668,2800,-10216,-6355,14933,-10859
41437,-240,3840,-10024,-5809,14253,-10886
41464,456,3616,-9944,-5528,12971,-10571
41491,1028,4684,-9992,-5779,11910,-9417
41518,2248,5900,-9716,-4616,11241,-8947
41545,3112,6220,-9728,-2854,9759,-8957
41572,3388,5476,-9852,-1598,7711,-8719
41599,3488,5308,-10032,-1638,6699,-7254
41626,4048,5632,-10140,-1624,5359,-5956
41653,3644,5600,-10424,-1636,3916,-4654
41680,3324,5528,-10860,-1848,3364,-3274
41707,3296,6188,-11256,-1864,3439,-2253
41734,3704,6040,-11348,-461,2635,-2069
41761,3716,4600,-11092,-324,1398,-1040
41788,4132,5052,-11176,-1661,1664,519
41815,4100,6100,-11460,-1263,1116,736
41842,3724,5192,-11416,-15,666,494
41869,3680,4288,-11648,-357,973,958
41896,3672,4624,-11460,-623,1256,1179
41923,3896,5236,-11424,-259,1482,1341
41950,4604,5784,-10792,303,1192,1541
41977,5324,6792,-10304,1342,719,2135
42004,7280,8184,-9560,2529,-1600,3823
42031,7088,7404,-8404,3203,-3345,5340
42058,7188,7448,-7676,3583,-5984,7181
42085,6808,6452,-7472,3496,-9198,9391
42112,5696,5548,-7520,2218,-11992,12247
42139,4252,5108,-8368,528,-13653,14751
42166,2568,5828,-9060,945,-15433,15061
42193,940,5448,-9660,2632,-17263,14648
42220,-364,4656,-10056,4011,-17230,14418
42247,-2136,3000,-10204,4751,-18160,14053
42274,-3812,-32,-10528,3449,-19142,13932
42301,-6548,-2312,-10760,-910,-18181,14805
42328,-7144,-416,-11352,-4764,-15433,14806
42355,-7344,2920,-12016,-3241,-14822,11882
42382,-8332,2908,-12232,170,-14614,8716
42409,-9424,1216,-12052,1184,-12935,6965
42436,-9964,-8,-11456,-829,-11050,7380
42463,-10296,880,-11508,-3655,-8377,8121
42490,-17420,6064,-15288,-4858,-7087,7621
42517,-16464,8672,-18880,6322,1581,18
42544,-5120,-3432,-10900,6828,-1727,-3040
42571,-7028,-2988,-10336,-402,60,-713
42598,-6832,2664,-11204,-4729,1530,1330
42625,-6132,5016,-10640,-3744,1338,1056
42652,-5648,5388,-10252,-2409,943,813
42679,-6152,5188,-10136,-870,805,602
42706,-6460,4952,-10004,-175,416,662
42733,-6248,4824,-10348,856,323,94
42760,-6440,3908,-10356,1700,19,-224
42787,-6728,3208,-10708,1564,17,-107
42814,-6720,2864,-11264,1383,-353,-507
42841,-7064,2196,-11620,974,-258,-1024
42868,-8040,1888,-11768,-175,-34,-958
42895,-8644,1412,-11528,-1207,1408,-794
42922,-8852,1096,-11416,125,5004,-3367
42949,-10656,1720,-12800,2666,5372,-6829
42976,-10092,-164,-12868,2009,8850,-7512
43003,-8264,1164,-12580,789,10433,-8329
43030,-6376,1704,-12172,807,10907,-9569
43057,-6972,832,-11920,152,10674,-10229
43084,-5972,1432,-12568,76,11317,-11129
43111,-4596,876,-12388,-594,11533,-11431
43138,-5032,392,-12260,-2436,12081,-10563
43165,-4232,1780,-12128,-3542,13500,-10322
43192,-1952,2928,-11540,-1785,13409,-11919
43219,-1284,1792,-10740,-1403,13265,-12549
43246,-736,716,-10272,-2953,13370,-11798
43273,496,1644,-9904,-4566,12496,-11152
43300,1348,3308,-9748,-4317,11496,-11379
43327,2676,4396,-9560,-3577,9681,-11265
43354,3240,4976,-9572,-2930,8454,-10641
43381,3724,5424,-9812,-2842,6856,-9011
43408,3772,5864,-9944,-2738,5067,-7224
43435,3940,5956,-10220,-2252,3916,-5824
43462,4020,6240,-10528,-1296,2964,-4778
43489,3372,5536,-10900,-508,2206,-4160
43516,3160,4340,-11380,8,1613,-3765
43543,4244,4608,-10704,0,281,-2186
43570,3440,5304,-10704,-1052,-585,-258
43597,2964,5968,-11476,-529,-34,256
43624,3724,5128,-11264,1084,-393,141
43651,3524,4124,-11224,835,-652,869
43678,3428,4648,-11448,838,-1135,1552
43705,4852,5736,-11296,1124,-1515,3230
43732,5240,6208,-9956,1094,-3627,4619
43759,4960,6616,-9252,591,-4915,6991
43786,4908,6572,-9024,427,-7448,9500
43813,3856,6476,-9056,-141,-10085,12043
43840,2552,5564,-9464,-857,-12671,14232
43867,1312,4956,-9468,-2195,-14332,16350
43894,376,5992,-9860,-2757,-14682,17422
43921,-1448,6188,-10600,-1228,-15809,16421
43948,-2556,5560,-10848,357,-16583,15107
43975,-4072,3748,-10848,935,-15925,14984
44002,-6000,1208,-10956,-757,-15294,15016
44029,-6828,1120,-11356,-2321,-14076,13660
44056,-7908,1820,-11712,-3066,-12723,11955
44083,-8192,3476,-12288,-724,-11751,8483
44110,-8372,2224,-12216,1617,-10754,5177
44137,-9176,-776,-11940,-1023,-9024,5106
44164,-8276,-100,-11504,-6082,-7052,6589
44191,-6104,3140,-8928,-7270,-8046,4921
44218,-25604,17044,-23568,-454,5093,2090
44245,-1568,4120,-11252,3200,2052,-1908
44272,-5780,4372,-11276,4395,-1503,-2801
44299,-5484,4400,-9840,2426,-302,-1687
44326,-6436,5060,-10596,927,574,-50
44353,-6692,5396,-10936,726,106,-333
44380,-8368,5560,-10972,2747,95,-2089
44407,-12676,5068,-13988,7076,4234,-6261
44434,-12864,1168,-14404,7939,6635,-8513
44461,-11048,444,-14116,5423,10893,-8810
44488,-9344,-76,-13360,2639,13601,-9309
44515,-7064,840,-12268,1230,14620,-10714
44542,-6268,792,-11212,-185,15366,-11262
44569,-4472,2204,-10704,-452,14767,-12295
44596,-2916,2276,-10416,-248,13827,-13351
44623,-2480,1476,-10308,-1963,13908,-12091
44650,-1840,2428,-10492,-3536,13902,-10675
44677,-84,3640,-10224,-2820,13773,-11044
44704,1200,4192,-10264,-1257,12549,-11441
44731,1596,3268,-10204,-552,11373,-11360
44758,2392,2892,-10224,-1312,10357,-10838
44785,3516,4112,-10028,-1076,8950,-10814
44812,3928,4960,-10100,-246,7087,-10166
44839,4152,4880,-10160,25,5387,-9058
44866,4148,4648,-10396,-404,4274,-7375
44893,3468,5208,-10924,-555,3614,-5900
44920,3328,4624,-11188,-838,3183,-4507
44947,3396,5004,-11492,230,3255,-4127
44974,3480,4564,-12196,1052,3783,-3510
45001,4252,4380,-10784,150,1519,-587
45028,4928,4916,-10480,-614,285,807
45055,4420,4708,-11344,-25,-581,927
45082,3728,3460,-11868,611,-1174,749
45109,3560,3440,-12192,57,-905,1389
45136,4108,4156,-11876,-258,-801,2260
45163,3940,5520,-10528,-90,-2213,4114
45190,5472,7224,-9752,483,-3477,6492
45217,4344,6552,-9464,2128,-4663,8588
45244,2936,3984,-10164,1714,-5817,10671
45271,2400,2696,-10940,145,-6527,12578
45298,2216,3040,-11448,358,-7155,12498
45325,1408,3060,-12376,2734,-8195,10636
45352,836,1728,-12776,4298,-8762,9194
45379,-112,-760,-13148,2699,-7779,9430
45406,-228,-396,-12924,848,-6053,9347
45433,168,1232,-12644,1868,-5798,7437
45460,276,924,-12308,3699,-6543,5645
45487,136,-224,-11792,3469,-7005,5314
45514,444,-132,-11128,2047,-7161,5902
45541,1108,540,-10528,586,-7848,7031
45568,-552,-496,-10092,-1771,-9157,8791
45595,-1792,496,-10608,-3751,-9656,8881
45622,-3396,832,-10720,-3467,-10469,7611
45649,-5180,-288,-10880,-4572,-10770,7256
45676,-5784,428,-11208,-6374,-9855,7276
45703,-5732,3176,-11920,-4457,-10095,5183
45730,-6780,2892,-12376,-1162,-10510,2218
45757,-8356,132,-12476,-1301,-9675,1529
45784,-8932,-464,-12364,-5664,-8340,3320
45811,-13568,5604,-18744,-1282,1138,1300
45838,-4028,1504,-13132,4157,-433,-2370
45865,-4752,32,-10912,2586,-401,-2355
45892,-4784,636,-10588,-926,420,-810
45919,-6968,1812,-11636,-3521,836,942
45946,-6872,3160,-11104,-2993,2142,131
45973,-6516,1892,-11544,2240,1012,-5478
46000,-9736,-1004,-13024,1682,2344,-5997
46027,-10012,-232,-13912,-942,6524,-5473
46054,-8820,1556,-14308,-530,8900,-6597
46081,-8496,1228,-14360,844,10251,-9246
46108,-8160,196,-14136,1078,12662,-10896
46135,-6668,68,-13636,-633,14503,-10553
46162,-5016,636,-12828,-2037,15357,-10162
46189,-3136,1812,-12340,-2394,15976,-10645
46216,-2136,2048,-11304,-1751,15878,-11992
46243,-256,1548,-10392,-2740,15654,-11795
46270,616,2024,-10176,-5008,15279,-10194
46297,1992,3056,-9648,-6345,14063,-8683
46324,3424,5036,-9264,-4662,12379,-9081
46351,3780,5564,-9284,-2632,10083,-9769
46378,3596,4712,-8776,-2257,8073,-8837
46405,4276,5740,-9048,-2031,6546,-7596
46432,4548,5776,-9400,-388,5433,-7168
46459,4760,4952,-9604,-17,3525,-5857
46486,4336,3844,-10304,-868,2012,-4094
46513,4828,4708,-10088,-2549,969,-1282
46540,4276,5768,-10236,-2221,24,88
46567,3700,5796,-10920,-747,-789,198
46594,3364,4880,-11492,232,-867,274
46621,3232,4048,-11936,403,-699,620
46648,3576,4592,-11652,910,-467,508
46675,4492,4800,-11288,1498,-878,970
46702,5612,6104,-10140,1069,-2262,2898
46729,5540,7028,-9216,1411,-4222,4672
46756,5128,7160,-8664,1641,-6397,7295
46783,4296,6420,-8332,1439,-8032,9893
46810,3604,5496,-8916,810,-10045,12458
46837,2304,5248,-9476,416,-11260,13806
46864,1716,5036,-9708,761,-12712,14598
46891,0,4904,-10472,836,-13668,15320
46918,-560,4320,-10840,1338,-14616,15197
46945,-1572,3284,-10676,1978,-15169,14678
46972,-2412,2116,-10656,1447,-15880,14395
46999,-4112,1940,-11580,686,-16106,13451
47026,-7052,-352,-12252,-34,-15109,12364
47053,-7536,24,-12892,-1124,-12462,10762
47080,-6848,2248,-13228,1258,-12265,7370
47107,-8184,304,-13244,2435,-10666,5246
47134,-8140,-152,-13068,288,-7745,5586
47161,-6828,1552,-12268,-1168,-6040,5612
47188,-6856,1568,-11676,-945,-6303,4788
47215,-6260,836,-10252,-971,-6988,3442
47242,-15768,3516,-15268,-3216,-6264,3808
47269,-8072,2256,-13964,3096,5415,252
47296,-5388,1296,-11368,3482,-2518,-1679
47323,-6068,40,-10236,-236,1057,23
47350,-6724,2836,-11164,-2921,1556,1358
47377,-6240,3412,-10740,-2690,1025,987
47404,-5780,4184,-10584,-2066,940,459
47431,-5740,4292,-10512,-1180,219,136
47458,-6012,4360,-10768,-878,234,209
47485,-5500,4344,-10884,-126,130,198
47512,-5864,3884,-10884,391,-339,109
47539,-6792,2956,-11088,601,-807,-283
47566,-7612,1676,-11468,543,-1396,-1087
47593,-9656,-316,-12048,-936,-268,-2001
47620,-11884,-396,-12344,-433,5450,-4994
47647,-11416,1776,-14060,1430,7666,-7778
47674,-9380,1712,-13632,2702,10086,-9903
47701,-7988,1244,-12912,2870,11723,-11875
47728,-7044,-348,-12284,1581,11886,-13010
47755,-5732,156,-11748,-1232,12867,-12788
47782,-4352,1216,-11532,-3212,14289,-12156
47809,-2836,2724,-11136,-4214,13690,-11479
47836,-1768,3864,-10764,-3413,12467,-11645
47863,-1016,3776,-10304,-2910,12490,-11229
47890,-200,3280,-9476,-3572,12129,-9546
47917,1572,4408,-8604,-4578,11194,-7144
47944,3024,6084,-7852,-4629,8976,-5541
47971,4028,7200,-7540,-2756,5305,-4628
47998,4800,7416,-7872,-831,1923,-3071
48025,4776,7172,-8296,420,-1351,-989
48052,3644,6432,-9376,1679,-4449,400
48079,2152,5712,-10680,3092,-6352,1473
48106,-424,3464,-12008,1949,-6908,3614
48133,-1556,3908,-12956,528,-5117,5399
48160,-720,5476,-13288,2282,-4179,5322
48187,-640,4872,-12992,4801,-4232,4885
48214,-1128,3104,-12892,4324,-4561,6317
48241,-1544,2124,-12508,1933,-4591,8630
48268,-1608,2708,-12660,463,-4617,9821
48295,-1944,2872,-12272,1749,-5453,8714
48322,-2516,1420,-11680,2525,-5990,7915
48349,-2440,432,-11024,1319,-5348,8618
48376,-2484,364,-10556,-573,-5313,9241
48403,-2964,552,-10592,-583,-6496,8345
48430,-2840,1168,-10896,505,-7112,6791
48457,-4068,1268,-11296,2066,-7598,5370
48484,-6072,-364,-11960,2542,-6961,4438
48511,-7528,-1660,-13024,1537,-5306,3800
48538,-7608,-1448,-13848,317,-2569,2951
48565,-6408,248,-13924,970,-803,1026
48592,-5348,668,-13516,2330,104,-862
48619,-4488,44,-12764,1655,576,-1146
48646,-4484,308,-12308,-211,884,-483
48673,-4272,1348,-11880,-1178,943,-172
48700,-3924,2112,-11668,-945,689,-257
48727,-3736,2324,-11436,-262,250,-452
48754,-3956,1640,-11360,-143,-156,-385
48781,-3824,1392,-11512,-538,-437,-180
48808,-4048,1608,-11616,-926,-536,-5
48835,-4240,2264,-11908,-520,-847,-247
48862,-4640,2044,-12480,-26,-463,-349
48889,-4336,2232,-12292,419,101,-133
48916,-4620,1500,-11956,912,166,-46
48943,-4176,1032,-11512,702,178,65
48970,-3956,744,-11668,395,-126,158
48997,-4000,816,-11640,204,-521,196
49024,-4104,664,-11740,-29,-995,209
49051,-4560,932,-11784,-242,-1079,333
49078,-4908,1204,-11928,-55,-644,250
49105,-5076,1264,-11696,246,-764,133
49132,-4668,1504,-11596,13,-712,494
49159,-4468,1784,-11540,-790,-659,1146
49186,-4272,2120,-10968,-1519,-519,1968
49213,-3960,2172,-10376,-1976,-1265,2837
49240,-4136,2132,-10488,-1985,-2387,2838
49267,-4496,1536,-10544,-1942,-3564,2468
49294,-4864,1196,-10588,-2293,-4363,2481
49321,-5320,996,-10824,-2900,-4805,2584
49348,-5636,1592,-10692,-3161,-4669,2172
49375,-5840,2144,-10912,-2593,-4840,1276
49402,-15252,7112,-17760,-681,1500,1138
49429,-8732,3064,-14512,2285,2357,-447
49456,-5748,-336,-10988,1199,-838,-898
49483,-6500,-204,-10824,-1059,-725,-619
49510,-7720,480,-11084,-2212,-1006,-1253
49537,-11436,2912,-12660,-1526,2576,-3566
49564,-8340,-380,-10940,3399,418,-9428
49591,-11720,-3020,-12316,-119,3127,-8563
49618,-10868,-920,-13636,-3802,7388,-6792
49645,-8872,2160,-13768,-2712,8881,-8658
49672,-7764,1684,-13732,-1227,10296,-10624
49699,-6532,856,-13120,-1853,11941,-10620
49726,-5132,1000,-12740,-3932,12658,-9506
49753,-4300,2208,-12212,-4846,13261,-8935
49780,-4380,2212,-11524,-5911,13865,-8312
49807,-3308,3428,-10988,-5938,14710,-8024
49834,-1124,4368,-10580,-3997,14831,-8717
49861,112,3672,-9976,-2604,13393,-9015
49888,1264,3120,-9728,-3046,12015,-8582
49915,1620,3428,-9728,-4034,10914,-7731
49942,2280,4036,-9916,-4721,10482,-6513
49969,2940,5380,-9984,-4097,9177,-6345
49996,3308,6116,-10224,-1538,8325,-6955
50023,3648,5716,-10132,546,6800,-7075
50050,3376,4800,-10160,1007,5629,-6552
50077,3180,4556,-10720,532,4999,-5371
50104,3528,4764,-10716,11,4717,-3944
50131,5728,5688,-10184,244,2677,-1764
50158,4916,5212,-9076,-428,1056,90
50185,4336,5972,-10100,20,-1134,529
50212,3300,5236,-11048,1979,-1579,152
50239,2756,4180,-11820,2101,-1502,729
50266,3404,4824,-11592,1815,-1491,1793
50293,6752,6468,-10336,1564,-3935,4284
50320,6316,6540,-9124,445,-6143,7115
50347,5132,6880,-8576,-1007,-9398,10430
50374,3696,6888,-9156,-721,-10271,12848
50401,1596,4900,-10352,-601,-11600,13696
50428,-756,3676,-11716,-299,-12068,13709
50455,-2404,2180,-12924,322,-11351,12626
50482,-3012,1572,-13952,2161,-10091,9752
50509,-3768,-668,-14456,4267,-8213,6412
50536,-3652,-2584,-14308,3093,-6256,4692
50563,-2856,-2104,-14196,1860,-4025,3631
50590,-2688,-1012,-13944,1042,-2393,2412
50617,-2124,564,-13824,1746,-1481,711
50644,-1992,-196,-13756,2496,-1293,-691
50671,-2248,-160,-13332,1289,-521,-992
50698,-2084,936,-12964,717,29,-1296
50725,-1424,1404,-12844,675,-48,-1646
50752,-1452,1636,-12384,146,-151,-1431
50779,-1940,1888,-12336,-843,-251,-619
50806,-2028,2992,-12448,-1160,4,38
50833,-2176,3180,-12400,-1192,163,663
50860,-2984,2644,-12428,-1172,234,1180
50887,-2616,2360,-12104,-964,731,1370
50914,-1764,1512,-11956,-272,371,809
50941,-1160,244,-11924,-129,-139,53
50968,-888,-484,-12384,-1064,-92,-706
50995,76,24,-12876,-1222,24,-2074
51022,416,888,-12692,-1421,-38,-2895
51049,668,2684,-12360,-1292,32,-2776
51076,792,4488,-11560,-961,-653,-1311
51103,76,5264,-10848,-664,-1622,889
51130,-28,5084,-10392,-495,-2714,2958
51157,272,5044,-9936,-909,-4230,5504
51184,128,4460,-9484,-2192,-6233,8366
51211,-888,4652,-9800,-2983,-8174,9986
51238,-1448,3856,-10096,-2074,-10818,9518
51265,-3044,3424,-10092,-1518,-11694,8754
51292,-3848,4036,-10244,-1665,-10629,8579
51319,-5564,3256,-10340,-1574,-10997,9287
51346,-8644,1812,-11056,-2924,-9957,9726
51373,-8552,3956,-11680,-1012,-9450,6773
51400,-8896,3432,-11176,2302,-9272,2770
51427,-9016,1224,-10256,772,-10067,2963
51454,-13076,1900,-15364,1813,-576,2047
51481,-5296,-1716,-9416,5642,-26,-1108
51508,-6640,-1704,-9944,1680,-319,-1316
51535,-7276,2300,-10492,-1914,1309,193
51562,-6008,4560,-10600,-1724,1792,627
51589,-5556,4892,-10544,-710,649,690
51616,-5840,4528,-10736,1224,-616,197
51643,-6528,3536,-10828,1573,-1652,168
51670,-7840,1800,-11312,48,-753,227
51697,-8212,2308,-12172,-1180,661,-219
51724,-10388,2440,-13260,-230,2546,-1992
51751,-11416,1372,-14380,793,5119,-4504
51778,-11144,444,-14672,701,7634,-6643
51805,-9940,1268,-14216,122,10263,-8997
51832,-7808,2428,-13664,2139,12651,-12104
51859,-6756,736,-12452,1972,13262,-13013
51886,-5180,516,-11900,-628,14494,-12494
51913,-3448,1020,-11140,-2340,15217,-11919
51940,-1716,1440,-10584,-3242,14812,-11680
51967,-1688,1352,-10116,-4681,14474,-10924
51994,-564,2280,-9568,-5999,14322,-9812
52021,240,3112,-9116,-6011,14040,-9429
52048,1832,4396,-9164,-5985,13362,-8783
52075,1928,5468,-9296,-4768,11212,-8784
52102,2452,5624,-9768,-3574,9859,-8558
52129,3644,5968,-9824,-2062,8074,-8859
52156,2960,6156,-9904,-1345,6930,-9029
52183,3640,6220,-10232,-581,6444,-8547
52210,4148,4612,-10040,-1240,4609,-6320
52237,4596,6164,-10188,-2539,3835,-3945
52264,5912,7904,-9792,-1777,2182,-1627
52291,5264,6820,-8664,-1706,712,489
52318,4164,6488,-9628,-1597,-813,1166
52345,3028,6104,-10956,198,-1343,915
52372,2708,5452,-11592,1701,-1109,642
52399,3400,5580,-11240,2124,-1038,1339
52426,5136,6404,-10404,2204,-1351,3072
52453,6100,7504,-8544,1878,-3655,5040
52480,6480,8136,-7876,2154,-6016,7507
52507,5876,7904,-7688,2082,-9028,10208
52534,4408,8420,-8380,2314,-11974,12860
52561,2804,7588,-9744,2984,-13345,14787
52588,1056,6324,-11264,3693,-14393,15371
52615,-1436,5344,-13256,3726,-13030,16193
52642,-2904,5416,-15332,6138,-9709,15737
52669,-5016,1456,-14692,8112,-9353,14665
52696,-3980,608,-13596,8724,-8008,12915
52723,-3756,-1588,-11852,7752,-7526,12402
52750,-3976,-4088,-10228,3683,-7282,12887
52777,-4112,-2896,-10336,771,-7611,11425
52804,-4720,-1596,-10572,1527,-9105,7585
52831,-6660,-3168,-11004,1066,-9045,5695
52858,-8600,-4292,-11888,-2449,-6876,5521
52885,-8620,-2776,-12376,-4856,-4588,4283
52912,-7240,-116,-12608,-2619,-3195,324
52939,-5336,-588,-11400,-291,-3332,-2635
52966,-4812,-1268,-11048,-2111,-3487,-2601
52993,-4204,648,-11028,-4229,-3597,-2181
53020,-4668,1592,-11092,-4128,-3982,-2680
53047,-4888,1984,-11540,-4343,-3834,-2420
53074,-4580,2648,-11584,-4721,-4146,-1814
53101,-5000,2968,-11660,-5477,-4199,-755
53128,-5104,3508,-11616,-6252,-4014,521
53155,-4420,3160,-10512,-6842,-4584,1505
53182,-13944,7844,-17468,-8729,-2746,3677
53209,-11640,8488,-17144,-3543,4787,2636
53236,-6212,3848,-12200,-217,-1634,-1462
53263,-12352,344,-12896,1557,4909,-5314
53290,-12380,128,-14436,1403,7130,-8803
53317,-10104,1064,-14184,2361,9979,-11836
53344,-8192,1024,-13040,1948,11738,-12997
53371,-6712,1540,-12184,-490,13354,-12091
53398,-5264,1892,-11780,-2412,14116,-11324
53425,-3624,2596,-10844,-3590,14099,-10836
53452,-2668,3260,-10336,-5002,14358,-9887
53479,-2104,3796,-10144,-5714,13924,-8430
53506,-1448,3896,-10352,-6369,13916,-7041
53533,-268,5164,-10512,-5868,13661,-6848
53560,200,4964,-10568,-4688,12866,-7031
53587,1184,5600,-10784,-3770,12287,-7366
53614,1772,6076,-10548,-1920,11691,-7880
53641,2580,5968,-10588,-801,10706,-7694
53668,3220,5696,-10060,-1048,8901,-6553
53695,3484,5820,-10072,-1306,7361,-5450
53722,3712,5720,-10212,-482,6570,-5090
53749,3720,5816,-10340,-203,5441,-4370
53776,3668,5680,-10372,387,4739,-3843
53803,5484,5296,-8964,-651,1706,-1097
53830,5132,5344,-8384,-3049,716,1173
53857,4520,7216,-9624,-1849,-820,992
53884,3380,6892,-10872,995,-1920,69
53911,3168,6212,-11144,1915,-1929,829
53938,4208,7016,-10716,2048,-1979,2905
53965,5560,7964,-9352,2711,-3539,5152
53992,6228,8436,-8168,3929,-6284,7300
54019,5380,7232,-7512,3926,-8954,9982
54046,4292,6008,-7380,2663,-11018,12930
54073,2528,4536,-7492,377,-12205,15896
54100,1240,3752,-8152,-1958,-13088,17587
54127,1128,4848,-8636,-2135,-15226,16890
54154,-608,4728,-9248,1030,-17483,14130
54181,-3624,836,-10400,1077,-18525,12805
54208,-5584,64,-11836,-1543,-17098,12479
54235,-6700,1116,-12520,-3712,-16073,11608
54262,-7964,2672,-13572,-3317,-14103,9321
54289,-8728,2700,-14172,-1895,-12482,7231
54316,-8192,1964,-13312,-2466,-10365,6685
54343,-6736,1656,-11760,-4604,-10289,6317
54370,-21616,9612,-23352,-4736,-6163,5455
54397,-8072,4200,-15904,8780,722,-3587
54424,-5876,744,-14060,2919,-1430,-2678
54451,-4180,1332,-9496,-4393,1397,712
54478,-5588,6120,-10740,-5450,1714,2060
54505,-4356,7392,-10344,-3788,1044,1400
54532,-4644,7640,-10596,-1287,18,398
54559,-4664,6164,-9972,1325,-757,-995
54586,-5384,4352,-10164,488,-451,-370
54613,-5364,4908,-10896,-537,337,197
54640,-5064,5008,-10656,-65,140,-157
54667,-5040,4956,-10660,481,113,-438
54694,-4960,4684,-10612,90,439,42
54721,-4964,5096,-10684,-259,449,363
54748,-5096,5204,-10616,369,611,-75
54775,-5068,4856,-10824,369,492,28
54802,-5260,4840,-10532,-53,623,325
54829,-5212,5132,-10744,26,473,-5
54856,-4640,5528,-10592,212,378,-116
54883,-4676,5584,-10796,505,289,-154
54910,-5068,4700,-10948,357,212,35
54937,-4652,4884,-10960,421,190,-249
54964,-4724,4756,-11388,212,-19,-240
54991,-5588,4652,-11968,34,-493,-308
55018,-6132,4284,-12548,-1111,-665,-232
55045,-7868,3296,-12332,-1652,-648,-891
55072,-10456,2940,-12544,2257,6170,-4937
55099,-10340,3220,-14472,4146,6587,-7845
55126,-8032,3844,-13952,6550,9713,-10333
55153,-7276,2200,-13296,6300,11100,-11421
55180,-5944,1692,-12760,4823,12163,-11715
55207,-4748,1564,-12492,3003,13778,-11910
55234,-3332,1404,-12040,1121,14192,-11709
55261,-2512,1312,-11740,-1796,14166,-10396
55288,-852,2820,-11148,-3029,14182,-10019
55315,80,3368,-10580,-2470,13479,-10389
55342,292,2616,-10240,-2808,12523,-10477
55369,980,3372,-9988,-3227,12224,-10236
55396,2484,4372,-9764,-2497,11364,-10095
55423,2544,4544,-9288,-1975,9787,-9764
55450,3136,4040,-9344,-2023,8454,-8596
55477,3748,5032,-9408,-1867,7154,-7948
55504,4008,5960,-9868,-267,6025,-7563
55531,4228,5444,-10160,619,5179,-6699
55558,4644,4368,-10464,34,3312,-5227
55585,4280,4320,-10676,-529,2584,-4054
55612,5308,4768,-10356,-266,1231,-2340
55639,5588,5136,-10480,-2162,606,185
55666,4432,6396,-11248,-2052,-412,398
55693,3652,6264,-11912,10,-214,-269
55720,3628,5780,-11484,1350,-206,291
55747,5032,6512,-10328,1818,-651,2222
55774,5572,6288,-8624,806,-2870,5384
55801,6748,6908,-6984,358,-6518,8392
55828,6432,6928,-6252,-664,-10556,11758
55855,4920,7004,-6624,-1185,-14622,14425
55882,2728,6116,-7468,-258,-15979,15261
55909,1616,5240,-8948,-403,-17012,16013
55936,-156,5288,-9420,-1154,-18611,16618
55963,-2880,4616,-10024,-998,-18688,16213
55990,-4508,4216,-11084,-838,-18031,14839
56017,-7760,1840,-12716,-776,-17085,12725
56044,-7968,2076,-13300,-669,-14787,10545
56071,-8336,1060,-13372,-1516,-12373,9653
56098,-8688,1624,-13076,-4067,-8988,9992
56125,-7212,3996,-12620,-3673,-7329,7871
56152,-6940,4764,-12144,-198,-7953,4197
56179,-7140,2264,-11144,55,-7672,2804
56206,-6680,1576,-10148,-2432,-7310,3293
56233,-22120,14468,-22248,2937,6710,2535
56260,-864,2180,-10208,4127,1093,-1148
56287,-6828,572,-11248,2384,348,-1309
56314,-5456,3776,-10888,-1783,850,607
56341,-5396,5812,-11340,-1698,1189,573
56368,-5496,5236,-10904,-1125,207,87
56395,-5876,4752,-11224,-1147,-270,-288
56422,-6764,4620,-11640,-1133,288,-1073
56449,-7628,3980,-11876,-1759,-76,-868
56476,-11612,4072,-13792,1384,4374,-4412
56503,-11792,3628,-14976,3969,7388,-7079
56530,-9552,2588,-14028,4453,10435,-8622
56557,-8268,2276,-13328,3188,13213,-9042
56584,-5860,3260,-12376,2892,14394,-10046
56611,-4768,3352,-11920,3229,14688,-11391
56638,-3768,2144,-11600,2976,14676,-12618
56665,-2572,1248,-11180,553,14438,-12042
56692,-1504,2692,-10848,-1587,15093,-11060
56719,-936,3716,-10644,-1428,14726,-11296
56746,248,3024,-10284,-1040,13969,-11951
56773,1264,3156,-9864,-1967,13531,-11538
56800,2308,4756,-9712,-1708,12981,-11232
56827,3124,5052,-9472,-569,11159,-11612
56854,3632,5548,-9364,64,9595,-11235
56881,4564,5340,-9560,1780,8480,-11170
56908,4736,3832,-9284,571,6174,-9336
56935,4864,4372,-9776,-1789,4955,-6611
56962,4436,5804,-10676,-2151,4428,-5186
56989,4560,5972,-11060,-788,3241,-4380
57016,4436,5048,-11276,107,2236,-3614
57043,4692,4520,-10676,-541,1038,-1579
57070,4592,4416,-10544,-2102,458,-46
57097,4636,5352,-11096,-870,-501,-423
57124,4264,4460,-11416,531,-753,-1002
57151,3368,3472,-12032,-253,-890,-498
57178,3196,3528,-12496,-971,-648,-130
57205,3572,4036,-12232,-629,-375,-267
57232,3912,4272,-11740,-906,-106,0
57259,3964,4672,-11336,-995,78,283
57286,4104,4652,-11172,-566,-53,289
57313,4056,4364,-11316,-104,-191,282
57340,4288,4904,-11124,143,-418,604
57367,4444,5436,-10636,161,-572,1645
57394,5264,6476,-10164,254,-1139,3311
57421,5864,5968,-9984,-998,-2441,6558
57448,5956,7676,-10456,-2241,-3573,9271
57475,5488,9176,-11172,81,-5012,9948
57502,4072,8812,-11200,2951,-5950,10620
57529,2896,7012,-10360,5054,-6898,11546
57556,2264,4136,-8968,4585,-8090,12997
57583,2524,3408,-7960,2931,-9656,14489
57610,2164,2564,-7332,1669,-11706,15392
57637,-128,1076,-7696,1182,-13714,15125
57664,-1068,240,-8252,378,-15396,13926
57691,-2520,-188,-8728,-425,-17257,12137
57718,-3496,-1276,-9980,-3525,-17931,12006
57745,-5184,744,-11024,-6420,-17403,11735
57772,-5616,4092,-12684,-3974,-15749,8918
57799,-6348,3076,-13640,-1207,-16096,6263
57826,-8436,672,-13980,-2190,-14798,6199
57853,-10180,744,-14656,-5936,-9992,7834
57880,-9612,4068,-14660,-4722,-6487,5981
57907,-7816,4136,-13140,-1284,-5903,3242
57934,-13360,4920,-19200,4869,2166,400
57961,-4408,-460,-10752,731,-1074,864
57988,-5140,768,-10828,-3687,177,1549
58015,-5828,4932,-11288,-4305,1414,1598
58042,-5036,7096,-11772,-2387,933,733
58069,-5136,6320,-11548,-29,541,189
58096,-4868,5352,-10696,375,8,187
58123,-5052,5076,-10640,510,396,425
58150,-5456,4932,-10652,1120,160,234
58177,-5904,4104,-10896,1546,8,-133
58204,-7252,2904,-11588,-38,-7,226
58231,-7048,2924,-11988,-1375,193,-150
58258,-7992,3480,-12116,-1544,512,-653
58285,-6248,4540,-11700,4745,3472,-6894
58312,-10208,1028,-13824,6861,6297,-9375
58339,-9384,228,-13364,2891,9799,-8628
58366,-7776,1160,-12824,-584,12106,-7849
58393,-6348,2592,-12412,-1130,12318,-9283
58420,-5184,2732,-12060,-758,12351,-10648
58447,-3876,3044,-11884,-768,13151,-11461
58474,-3108,2532,-11584,-1276,13149,-11582
58501,-2684,2408,-11384,-2001,13828,-11189
58528,-1016,3316,-10880,-1890,13994,-11350
58555,108,3476,-10376,-1828,13470,-11518
58582,220,3668,-10336,-1840,12959,-11005
58609,1432,4084,-10404,-1619,13026,-10588
58636,2344,4764,-10248,-826,11828,-10593
58663,2752,4424,-10084,-1230,10743,-9819
58690,3004,4708,-10072,-1997,9960,-8509
58717,3816,5624,-10368,-2088,8782,-7152
58744,4732,5904,-10056,-1210,6759,-6702
58771,4176,5084,-10064,-801,5330,-5922
58798,4568,4460,-10048,-1505,4712,-4397
58825,4368,5412,-10432,-1466,3518,-3557
58852,4080,5676,-10620,-711,2240,-3081
58879,4260,5248,-11072,124,2031,-2498
58906,4628,4740,-10372,-796,753,-455
58933,4528,5196,-10048,-1846,74,980
58960,4360,5292,-10980,-642,-780,395
58987,3916,3988,-11612,263,-554,-299
59014,3536,3500,-12092,-423,-319,-171
59041,3744,4552,-12124,-225,70,-421
59068,4680,4732,-11320,231,231,-250
59095,4848,5144,-11056,79,-30,295
59122,4796,5560,-10864,908,-315,304
59149,4868,5236,-10432,1615,-1158,648
59176,5036,6284,-10648,1745,-1826,1887
59203,4208,5528,-9784,2172,-3069,3986
59230,5344,6416,-9572,2167,-5122,6476
59257,4984,5492,-9564,1508,-6165,9001
59284,4640,5156,-9232,341,-7672,11100
59311,4428,5580,-8772,590,-10153,11787
59338,3308,5508,-7976,1655,-13301,12176
59365,1352,3856,-7616,1082,-15238,13519
59392,712,3332,-8100,180,-16306,14011
59419,180,3324,-8720,-892,-18300,14501
59446,-3084,3192,-10664,-1169,-20153,14083
59473,-5700,2780,-12948,-817,-18377,12855
59500,-7304,2460,-13708,663,-16029,10507
59527,-9580,232,-14500,1729,-13638,7877
59554,-8696,-56,-14776,796,-9995,6338
59581,-7100,1032,-13880,53,-7546,5448
59608,-7036,1264,-13228,-449,-6971,4837
59635,-6244,1560,-12472,-547,-6902,3522
59662,-5760,-432,-10804,-3124,-7231,3268
59689,-4956,200,-9248,-7295,-7060,4017
59716,-15304,11728,-20488,429,10964,1820
59743,-3616,5608,-11512,3632,-3501,-1665
59770,-4932,2276,-10644,3037,-147,-1655
59797,-6284,3128,-11440,162,264,181
59824,-6080,4288,-12216,61,-78,317
59851,-6624,3192,-11328,1597,-121,-1118
59878,-9984,3020,-12664,3158,1245,-3089
59905,-11944,380,-14392,4828,4825,-6148
59932,-10176,20,-14112,2996,8079,-6216
59959,-7980,1328,-13384,1494,10333,-5984
59986,-6884,1608,-12804,516,11951,-6188
60013,-5896,1212,-12616,322,12030,-7240
60040,-5220,856,-12544,-1343,12756,-7359
60067,-3596,2028,-11844,-2146,13726,-7299
60094,-3632,1504,-11292,-3221,15116,-6269
60121,-452,3476,-10736,-3064,15657,-6478
60148,1168,4504,-9704,-1649,12909,-6873
60175,2920,5200,-9696,-1636,10927,-5490
60202,3720,5140,-8864,-1956,9559,-3432
60229,4192,5384,-8744,-2644,7276,-966
60256,4916,5644,-8376,-2063,5419,742
60283,5868,6112,-7732,-489,2272,1155
60310,5444,4784,-7588,1387,-2083,891
60337,4408,3816,-7896,921,-5149,2236
60364,3996,4224,-8424,629,-7022,3602
60391,2360,3568,-9008,-636,-8974,5605
60418,1492,3848,-10200,-1637,-10148,7066
60445,1232,4660,-10776,-937,-12046,6961
60472,532,4936,-11280,1036,-12947,6164
60499,-1292,2912,-11624,857,-14168,6705
60526,-2692,3492,-11980,-840,-14823,7735
60553,-3956,4284,-12176,-244,-14507,7678
60580,-5744,3088,-11680,895,-13726,7424
60607,-7448,772,-11432,-281,-12188,7394
60634,-7816,1404,-11912,-694,-10621,6132
60661,-8844,996,-12176,161,-9152,3926
60688,-8504,892,-12636,-248,-7283,2586